step,kappa,period,x0,y0,z0,xmin,xmax,ymin,ymax,zmin,zmax,residual,logmu1_re,logmu1_im,logmu2_re,logmu2_im,logmu3_re,logmu3_im
0,0.4092943583924221,2.45512317253437,0.949475320569533,0.8281036229293857,0.9946521761948093,0.8840298279271416,1.1285777756145972,0.8278772185413658,1.1980678180249176,0.975642944759332,1.0238411661605915,9.084139690473947e-14,1.4365397760126643e-11,0.0,-0.009126185043967951,0.0,-5.910106357588996,0.0
1,0.4098220552017464,2.455030326450683,0.9428311029623831,0.8085760042889938,0.9940041338315098,0.8704621142425248,1.1454652633734297,0.8082622318036409,1.2245056013712141,0.9725749799547155,1.0267743723386673,9.783840404509192e-16,-1.2989609388114417e-14,0.0,-0.011524491505848581,0.0,-5.909861128127916,0.0
2,0.41063045364929274,2.454887327864414,0.933766537444085,0.7828998300038467,0.9931337087851106,0.8524667763990174,1.1685412422548624,0.7824399535770536,1.2607624650016704,0.968426081702693,1.0307179730384426,1.4927295510780425e-15,-2.0194956817933637e-13,0.0,-0.015191011067126989,0.0,-5.909486789398338,0.0
3,0.4118962285581282,2.4546615781343175,0.9213632642588446,0.7494491006030991,0.9919633391959056,0.8287317765967595,1.2002190273689293,0.7487380767237586,1.3107595292698528,0.9628081494215016,1.0360171263935896,8.86096751528953e-15,-1.9659829320081594e-12,0.0,-0.020913686124899203,0.0,-5.9089039434901665,0.0
4,0.4139218352583097,2.4542956761672996,0.9043317901963193,0.7064252180911696,0.9903858313174386,0.7976589591162355,1.2439710688499739,0.7052724700701967,1.3801933278448637,0.955186770866059,1.043135206205021,9.072256834663506e-14,-2.233535578735587e-11,0.0,-0.03002527999014341,0.0,-5.907979706491598,0.0
5,0.4172313170036677,2.453685782167842,0.8808698281940103,0.6520809181943523,0.9882464084879482,0.7573872507476246,1.3048747954225888,0.6501439666815567,1.477463326119066,0.944821022713723,1.0526963056465541,1.0065854399998742e-12,-2.407478661160563e-10,0.0,-0.04478972632957223,0.0,-5.906492714182456,0.0
6,0.4227418048945467,2.452637934526576,0.8484818102618407,0.5851764833390021,0.985308193911965,0.7058935630720838,1.390492913181878,0.5818575241013244,1.615136980972223,0.9306740345881406,1.0655516562377945,1.1335831578973554e-11,-2.60433652760583e-9,0.0,-0.06903893864252719,0.0,-5.904082681154251,0.0
7,0.43039039217545766,2.4511192711756298,0.8111989017923451,0.5179932326358495,0.9818734143275087,0.6514852694040525,1.4917915531130104,0.5127366647358876,1.778973150966927,0.9144900387621562,1.080039798345382,4.2358370283546165e-11,-9.243958530284596e-9,0.0,-0.10201119237654598,0.0,-5.900881103126011,0.0
8,0.4395542135601961,2.449206742996445,0.773397702229409,0.4588457675642922,0.978255174050426,0.600679548396939,1.5980477091011454,0.4513592866676396,1.951435428377962,0.8980612267412224,1.0945805753945832,5.501774036353879e-11,-1.1294892418527979e-8,0.0,-0.1404806309097372,0.0,-5.897278021784931,0.0
9,0.45022730219587487,2.4468598173390883,0.7353618995691603,0.4069822967369019,0.9744038231705849,0.5532243979978512,1.7090908640584315,0.3970985703842154,2.1318580431750314,0.8813985763441488,1.1092332777130474,5.556329701894569e-11,-1.06979790043729e-8,0.0,-0.18389028568445567,0.0,-5.893419893980956,0.0
10,0.4624132771047594,2.4440349747045302,0.6973247006675062,0.36163128716296533,0.9702737284114203,0.5088634735197091,1.8247415415303332,0.34930055524860154,2.319584047594771,0.8645090731015711,1.1240653952136257,5.5186244463101275e-11,-9.973588338317203e-9,0.0,-0.2316592370966584,0.0,-5.889482829008295,0.0
11,0.47612462448520054,2.4406871144454043,0.659485608461232,0.32205601702181363,0.9658240643785859,0.46736167012026886,1.9448013649060425,0.30732868134531427,2.5139090399688246,0.8473999933027776,1.1391458533804835,5.385086127018823e-11,-9.174369972504843e-9,0.0,-0.28318472461957883,0.0,-5.885674278416742,0.0
12,0.4913837533604115,2.436770318755484,0.6220167438572042,0.28757335141439977,0.9610183142060563,0.42851011368957626,2.0690287602956676,0.27057715341065075,2.7141026735220843,0.8300787905700981,1.1545445292282313,5.464192293080927e-11,-8.335680958029968e-9,0.0,-0.3378510580282782,0.0,-5.882232900947605,0.0
13,0.5082235474081318,2.432238475064976,0.5850698484246958,0.2575632506919798,0.9558237200219961,0.3921279131418394,2.197152659035413,0.2384795113319779,2.919384619141281,0.8125537679688196,1.1703308240871384,5.7412422038716215e-11,-7.483659941989723e-9,0.0,-0.39503580152010787,0.0,-5.87942750555433,0.0
14,0.5266874392996725,2.427045831599073,0.5487830144529977,0.23147163862409284,0.9502107825249062,0.35806106743319066,2.3288629543872865,0.2105152230299061,3.128949253571899,0.7948332706426996,1.1865734383012756,5.918606577060004e-11,-6.6365064775145716e-9,0.0,-0.45411394108927905,0.0,-5.877554973838214,0.0
15,0.5468290192495986,2.4211475662763067,0.5132864644263927,0.20880889824170923,0.9441528880987771,0.32618241087207994,2.4638015721793596,0.1862086882775199,3.3419293158759924,0.7769276138663004,1.2033383448574113,5.994540280829241e-11,-5.8057810949700145e-9,0.0,-0.5144608153106063,0.0,-5.8769370324194306,0.0
16,0.568711150290782,2.4145004492068556,0.4787069619940429,0.18914577404452332,0.9376261268967463,0.2963887882712674,2.6015648337855786,0.16513054867540472,3.5574060248352977,0.7588479060216525,1.2206890245965523,5.961588861458367e-11,-4.998116488741952e-9,0.0,-0.5754545437350406,0.0,-5.877915696613136,0.0
17,0.5924045175161762,2.407063675447276,0.4451706291974138,0.17210795626051054,0.9306093546305869,0.26859740217207595,2.741679602360343,0.14689591584466577,3.7743922348754397,0.7406089061605546,1.2386842606193764,5.803180158636678e-11,-4.217591840228784e-9,0.0,-0.6364786191897551,0.0,-5.880847150699665,0.0
18,0.6179854960321475,2.398799938198086,0.41280408053782747,0.15737019259606608,0.9230845430591048,0.24274200981743901,2.883621483269678,0.13116081292390291,3.991813173337029,0.7222284366065482,1.2573763311885033,5.5035503931932794e-11,-3.4680155474215304e-9,0.0,-0.6969252690760194,0.0,-5.886093785313789,0.0
19,0.6455331928601555,2.3896768012124663,0.3817338839285964,0.1446504427020764,0.9150374554931486,0.21876927629136883,3.0267700482220126,0.11761991890636145,4.208512851237562,0.7037298647598604,1.2768097288967948,5.0474804891287306e-11,-2.7558526609853913e-9,0.0,-0.7562001383883472,0.0,-5.894014106445317,0.0
20,0.6751255157271686,2.379668407803609,0.352084442671073,0.13370435643521592,0.9064586681507593,0.19663384514659696,3.170436083846728,0.10600299262462064,4.423195612089421,0.6851426569988365,1.2970174368093539,4.4365844331650806e-11,-2.0922162912955144e-9,0.0,-0.8137287833327232,0.0,-5.9049503018002145,0.0
21,0.7068341663066855,2.368757525092036,0.32397447840031646,0.12432020266630202,0.8973449287009176,0.17629399340147764,3.313855211385122,0.0960714505995009,4.634560136433652,0.6665031340234588,1.318019166023696,3.676650650596969e-11,-1.4945601434290508e-9,0.0,-0.8689653504204184,0.0,-5.919213446904212,0.0
22,0.7407185705287658,2.356937858051165,0.2975123938989405,0.11631428275746994,0.8877007928446276,0.15770729574293346,3.4561418984447716,0.08761579159287007,4.8410842726823,0.6478577210367963,1.3398168128990284,2.8143903874067178e-11,-9.861071963856254e-10,0.0,-0.9214036015243564,0.0,-5.937066702207391,0.0
23,0.7768189637111023,2.344216474091077,0.2727909111851837,0.10952681627241878,0.8775404048351967,0.140826390621214,3.5963711737444823,0.08045183980395064,5.041232987579759,0.6292614652283488,1.3623907028726965,1.9162504916181433e-11,-5.930987924767333e-10,0.0,-0.9705900830555441,0.0,-5.9587074148605215,0.0
24,0.8151491431471033,2.3306160614900193,0.249881508912099,0.10381827348433509,0.8668891939418507,0.12559647419222758,3.7335528893993124,0.07441848181240147,5.233399067213311,0.6107803104964097,1.3856973703787416,1.4264991965440288e-11,-3.386743108753714e-10,0.0,-1.0161387085977311,0.0,-5.984249751172295,0.0
25,0.8556897423823658,2.3161766287281633,0.2288293038959309,0.09906613885479874,0.8557851666913995,0.11195108063519899,3.866664520777432,0.06937425704499482,5.4160844085821225,0.5924877821096602,1.4096672532672394,1.1586662185258945e-11,-2.345421634961368e-10,0.0,-1.0577453767322955,0.0,-6.013710196466834,0.0
26,0.8983831661629805,2.300956183865863,0.20964909591662056,0.09516211018854867,0.8442794225443064,0.0998122184108642,3.9946692600397533,0.0651950407063108,5.587651986735769,0.5744669567220847,1.4342046401565074,9.277176249433694e-12,-2.728085535625067e-10,0.0,-1.0952006273939507,0.0,-6.046998693307125,0.0
27,0.9431313991507395,2.2850299732345354,0.19232326875620598,0.09200975594966375,0.8324355557812121,0.08908914949273634,4.116583032318491,0.061771843345864566,5.746765870581838,0.5568040623553546,1.4591880256543852,1.26828547664104e-11,-4.21499835123753e-10,0.0,-1.128397997521436,0.0,-6.083918008768133,0.0
28,0.9897976214928169,2.268488049585579,0.17680206302022605,0.08952265443760153,0.8203277612836184,0.07968010061585998,4.23156571192126,0.059009081416129594,5.892296511445834,0.5395872189776829,1.4844759168663009,2.0078216866892262e-11,-6.282643296470928e-10,0.0,-1.1573359401273469,0.0,-6.124172888465172,0.0
29,1.0382118987861602,2.2514312670858687,0.16300639499772895,0.0876230148098652,0.8080377229016307,0.0714744894010483,4.3388895765606454,0.056822492035437114,6.023368490090734,0.5228993939020967,1.5099135499985463,2.576056035152874e-11,-8.324034798246643e-10,0.0,-1.1821120621152006,0.0,-6.167388744954776,0.0
30,1.0881803226274134,2.2339661715348345,0.1508329490469905,0.08624073485065863,0.7956506551141916,0.06435717333464161,4.438000661754017,0.055137766204265345,6.139399116696604,0.5068169843169178,1.5353405120486139,2.887190486688951e-11,-9.816079065516028e-10,0.0,-1.2029098753167211,0.0,-6.213137539386868,0.0
31,1.139496180728878,2.2161995273602804,0.1401608468892763,0.08531280062993142,0.7832510800404273,0.058211648111843116,4.528552128936155,0.053890058244598325,6.24011297595465,0.49140291455344254,1.5605984924159106,2.8977154009623973e-11,-1.0456542304164933e-9,0.0,-1.2199797991116497,0.0,-6.2609669133032195,0.0
32,1.1919513512754714,2.1982332837528706,0.13085894062145725,0.08478290079581466,0.7709189645886079,0.052924286493724534,4.610450795449358,0.053022868806312795,6.3257772024262415,0.4767064167521587,1.585540452764315,2.6589730417470037e-11,-1.0211373973829652e-9,0.0,-1.2336172431651191,0.0,-6.310428145925926,0.0
33,1.2453462739880727,2.1801606133932308,0.12279277059765194,0.08460112753491127,0.7587267061734635,0.048387612964537474,4.683670925474415,0.05248700181909604,6.396597794013715,0.4627618597790827,1.6100351983233323,2.281130839776324e-11,-9.261662552288013e-10,0.0,-1.2441408633754563,0.0,-6.361099279839913,0.0
34,1.2994974240942607,2.1620633456628093,0.11583045089039078,0.0847236656355069,0.7467372103669453,0.04450259145265491,4.748442828735871,0.05224029859751345,6.453349850751922,0.44958870102536774,1.6339678818843135,1.8359869180528676e-11,-7.89161403203479e-10,0.0,-1.2518735322477759,0.0,-6.412601346889438,0.0
35,1.3542419266054144,2.144010793622262,0.10984708505576814,0.08511241587754127,0.7350030531628716,0.041179977930932234,4.80503738319117,0.052246754642170185,6.496760339836702,0.4371913370502801,1.6572480110788952,1.4010015370047313e-11,-6.381759567280126e-10,0.0,-1.2571275328388505,0.0,-6.464607350700206,0.0
36,1.4094395387259995,2.126059742122159,0.10472764678750028,0.08573454157658668,0.7235665423152355,0.03834126973420998,4.853914390719575,0.05247563003889276,6.527695122650265,0.42556506822686563,1.6798004424578306,1.023214846185283e-11,-4.941782539957622e-10,0.0,-1.2601944052701823,0.0,-6.516844966641304,0.0
37,1.4649725703567478,2.108255258566527,0.1003684987856693,0.08656195616164152,0.7124604124166025,0.03591783334779232,4.8954857772873925,0.052901362426341296,6.547113874942557,0.4146942972855878,1.7015710595519302,7.208234009681291e-12,-3.6932390486014066e-10,0.0,-1.2613390568599085,0.0,-6.569094582770177,0.0
38,1.5207444124944176,2.090631987676472,0.09667784439766344,0.08757078263156899,0.7017088901121603,0.03385105416996199,4.930229045770019,0.05350197630692971,6.555980950550911,0.40455721935803934,1.722519907321956,4.927946939403682e-12,-2.681446176570974e-10,0.0,-1.2607972995543106,0.0,-6.62118440204893,0.0
39,1.5766772793477553,2.0732156529772237,0.0935754303882497,0.08874081619495065,0.6913289145133094,0.03209086598061376,4.958633958427957,0.05425970458618363,6.555237188221767,0.39512781669930563,1.7426210282802335,3.303579632074616e-12,-1.9022050603145299e-10,0.0,-1.2587758534343954,0.0,-6.67298407176008,0.0
40,1.6327096304195559,2.0560245696625112,0.090991782911107,0.09005501491997778,0.6813313618167096,0.030594901249031897,4.981179271182807,0.055159381821628474,6.545780994810128,0.3863758515835343,1.7618578031676841,2.169153745512631e-12,-1.3240053498885768e-10,0.0,-1.255453937716591,0.0,-6.724397913701481,0.0
41,1.688793587915627,2.039071049775326,0.08886719683676876,0.09149903452282052,0.6717221823161391,0.029327708179089702,4.99832345887059,0.05618844395870968,6.528478121404992,0.3782700525019129,1.7802227013575558,1.400102256354785e-12,-9.075540319670662e-11,0.0,-1.2509857489012943,0.0,-6.775358442359291,0.0
42,1.7448925365837527,2.0223626397783274,0.08715063420490932,0.09306081538407499,0.6625034037322004,0.028259348228979658,5.010505098760721,0.05733643685857254,6.504219453339266,0.3707789670401131,1.7977193600161632,8.926193117986259e-13,-6.138312081038422e-11,0.0,-1.2455033215912532,0.0,-6.825820547032939,0.0
43,1.8009789985390752,2.005903170828397,0.08579863252581475,0.09473022373507328,0.6536739858624869,0.02736487204233608,5.018172365119124,0.05859468941762456,6.473622126029034,0.3638709114183023,1.814347179509559,5.592193375036913e-13,-4.1037950816178956e-11,0.0,-1.2391194395087468,0.0,-6.875756494493599,0.0
44,1.857032813105528,1.9896936264053688,0.08477428178368446,0.09649874487929537,0.6452305303402959,0.026623490587155695,5.021658629903052,0.059956149933700145,6.437344867078636,0.3575150336197803,1.8301182062514747,3.4661162828797387e-13,-2.7131852320762567e-11,0.0,-1.231930397406294,0.0,-6.925151770490103,0.0
45,1.913039614409768,1.9737328447220774,0.08404629972826268,0.09835922398481188,0.6371678591583536,0.026017612207816624,5.021306695046408,0.06141475080874471,6.396139032050817,0.35168170092749007,1.8450437977328427,2.1882495815361835e-13,-1.7678747355077412e-11,0.0,-1.2240185089611286,0.0,-6.974001701220137,0.0
46,1.9689895798992696,1.9580180785668506,0.08358821601098736,0.10030564892958274,0.6294794796582192,0.02553290243400442,5.017473000812147,0.0629656570868294,6.350470103891802,0.34634272884404216,1.8591363837432224,1.414979244884762e-13,-1.1365464125454776e-11,0.0,-1.2154543179697916,0.0,-7.022308759905701,0.0
47,2.0248764147978475,1.942545435969992,0.0833776642248873,0.10233296946210381,0.6221579542702106,0.025157059970356388,5.010451306376311,0.06460492736063712,6.300815629488732,0.34147106757457285,1.872413808263985,9.06219543850284e-14,-7.153166947685468e-12,0.0,-1.2062985083670597,0.0,-7.07008045300202,0.0
48,2.08069653611004,1.9273102234458006,0.08339577457942195,0.10443694721224289,0.6151951920325108,0.02488018951672784,5.00046128051361,0.06632928933079732,6.2477820306705185,0.33704151480108513,1.8848890645556329,5.756506382681437e-14,-4.375277917754851e-12,0.0,-1.1966035301351619,0.0,-7.117327684162312,0.0
49,2.1364484220111137,1.9123072108667805,0.0836266569595757,0.10661403161131798,0.6085826768418917,0.02469374512498794,4.987830451562225,0.06813582165444297,6.191578093587237,0.3330311997249953,1.8965788040995688,3.633204848085825e-14,-2.5450752616539473e-12,0.0,-1.1864149688064463,0.0,-7.164063504561685,0.0
50,2.192132096348535,1.897530834048404,0.08405696318420355,0.10886125740256994,0.6023116450877269,0.02459093565108693,4.9727038497023415,0.07002259437899268,6.132826669692249,0.329417869752386,1.9075023874127386,2.2690183065776637e-14,-1.364242052660323e-12,0.0,-1.1757726901491958,0.0,-7.210302171231225,0.0
51,2.247748722381243,1.882975348271493,0.08467551751732032,0.11117616005182751,0.5963732231130453,0.024566057385598864,4.955335185356065,0.07198790886725058,6.071614156383373,0.3261806534386627,1.9176757072954205,1.4113710200547303e-14,-5.959677196189616e-13,0.0,-1.1647117915853133,0.0,-7.256058448193076,0.0
52,2.3033002841699424,1.868634943434355,0.08547300533553122,0.11355670595420128,0.5907585329784295,0.02461433076739704,4.935878860478525,0.07403024374569707,6.008479835627875,0.3233015834011425,1.9271148226376398,8.520961713998076e-15,-1.3677947663382863e-13,0.0,-1.153263389748369,0.0,-7.301347097239865,0.0
53,2.3587893379037363,1.854503829370142,0.0864417109697002,0.11600123485380424,0.5854587733263296,0.02473210863058274,4.914525670961507,0.07614879430526478,5.94350585642683,0.32076181867112824,1.9358374607426234,5.1833537462186996e-15,1.4543921622588495e-13,0.0,-1.1414552704886076,0.0,-7.346182515621723,0.0
54,2.414218818793354,1.8405762980823204,0.08757529691676376,0.11850841234302173,0.5804652807520738,0.024916387697686598,4.891405655152727,0.07834299042315726,5.877070745758261,0.3185462149358895,1.9438606314487195,4.801714581503802e-15,3.07975867030971e-13,0.0,-1.1293124242348007,0.0,-7.390578486693602,0.0
55,2.4695918919693,1.8268467682055134,0.08886861774775967,0.1210771906879839,0.5757695759564224,0.02516483610199067,4.866689656515767,0.08061205182350809,5.809344272153938,0.31663913818942085,1.9512006129767019,5.384581669432009e-15,3.6770586575578424e-13,0.0,-1.1168574863115681,0.0,-7.434548016718552,0.0
56,2.524911838135898,1.8133098158426377,0.0903175630660825,0.12370677654392624,0.5713633980463875,0.025475709368070896,4.840456801253539,0.08295614236965065,5.740486468115081,0.31502649026869184,1.9578729538372692,4.773959005888173e-15,4.0478731477825024e-13,0.0,-1.1041110987663345,0.0,-7.478103236821814,0.0
57,2.5801819666118555,1.7999601950126365,0.0919189247748825,0.12639660438619718,0.5672387296288972,0.025847781110465536,4.812892061005169,0.08537484338569579,5.670823912852516,0.3136960479158567,1.9638924861696292,6.0645932720149176e-15,3.952393967664776e-13,0.0,-1.0910922075686877,0.0,-7.521255353711576,0.0
58,2.635405549901824,1.7867928502217922,0.09367028469201409,0.12914631469790916,0.5633878147711843,0.02628028591976172,4.784023950245488,0.08786870764379234,5.600378377893204,0.3126356426055112,1.969275122096024,5.0133508455729725e-15,3.8014036363158135e-13,0.0,-1.0778183067171772,0.0,-7.56401463642434,0.0
59,2.690585775154847,1.7738029231062962,0.09556991921294093,0.13195573613145373,0.5598031714528917,0.02677287237158089,4.754015758957257,0.09043797272330502,5.529318833727968,0.3118336686414352,1.9740381555030575,5.245803791353865e-15,3.1730174043781935e-13,0.0,-1.0643056388089798,0.0,-7.606390429238152,0.0
60,2.74572570883081,1.7609857546522976,0.09761671827867474,0.13482487100507945,0.5564775997828365,0.02732556447507492,4.722913642109389,0.09308285682223767,5.457887959902395,0.3112807618240498,1.9781901931317547,5.492297155268444e-15,2.8732571877294926e-13,0.0,-1.0505693599634953,0.0,-7.648391183158194,0.0
61,2.8008282716628528,1.7483368841559699,0.09981011637070883,0.13775388361322877,0.5534041869777011,0.027938730188355226,4.69079461486814,0.09580426556780741,5.386095154841766,0.31096753867740234,1.9817528383140106,6.529499163576702e-15,2.4025226252885505e-13,0.0,-1.0366236755999017,0.0,-7.690024500128802,0.0
62,2.8558962216117156,1.7358520458184756,0.10215003364172273,0.14074309092545934,0.550576309884605,0.028613055881640287,4.657780757161028,0.09860294037939153,5.314057859005092,0.31088537516797465,1.9847321209387168,7.126244039312724e-15,1.7763568394000927e-13,0.0,-1.022481952415279,0.0,-7.731297185520465,0.0
63,2.9109321429896475,1.7235271636631055,0.10463682561150416,0.1437929553273659,0.5479876356611799,0.029349525835371502,4.62388023667649,0.10147976464212108,5.241916099766633,0.3110263551219147,1.9871468335305138,6.918077222195507e-15,1.3877787807813492e-13,0.0,-1.0081568109535084,0.0,-7.772215305507934,0.0
64,2.9659384403127915,1.7113583453005323,0.10727124012327666,0.14690407912149456,0.5456321210954715,0.03014924961845277,4.589182818221755,0.1044357579088011,5.169769494903026,0.31138322308573063,1.9890075458891439,5.828670879282072e-15,1.0147438445073415e-13,0.0,-0.9936602023672564,0.0,-7.812784246788479,0.0
65,3.020917335742729,1.69934187494304,0.11005438047562072,0.1500772005594395,0.5435040109455408,0.031013884556309438,4.553758328074815,0.10747207175327048,5.097651049474949,0.3119493399009441,1.9903254988892107,6.7584826624056404e-15,5.173639294753095e-14,0.0,-0.9790034723247292,0.0,-7.853008776747363,0.0
66,3.075870869216742,1.687474205971701,0.11298767382741597,0.1533131912203543,0.5415978355987833,0.03194521181736597,4.517620840868649,0.11058998707353102,5.025636684456894,0.31271864448265324,1.9911133673769017,8.965050923848139e-15,2.8199664825478582e-14,0.0,-0.9641974144777186,0.0,-7.892893102667667,0.0
67,3.1308009005554425,1.6757519532853982,0.11607284412436683,0.15661305458779387,0.5399084082887728,0.03294505871378038,4.480840790991788,0.11379091230062816,4.953794012366262,0.31368561825624386,1.9913836451137803,7.549516567451064e-15,-6.661338147750961e-15,0.0,-0.9492523154669161,0.0,-7.9324409290021896,0.0
68,3.1857091129861055,1.6641718856025893,0.11931188892123669,0.1599779257076208,0.5384308220591543,0.034015913864522906,4.443473921427834,0.1170761702698801,4.882201754133954,0.3148452522999138,1.991148305954929,7.500944310123714e-15,-3.552713678800564e-14,0.0,-0.9341779930779628,0.0,-7.9716555119895185,0.0
69,3.2405970176385166,1.6527309178418668,0.12270705957846251,0.1634090718357887,0.5371604466266323,0.035160050716733705,4.405526276499384,0.12044745932156273,4.810914642393331,0.31619301830042396,1.9904165795292867,8.021361352916756e-15,-5.451195050909667e-14,0.0,-0.9189838288639172,0.0,-8.010539711159938,0.0
70,3.2954659586638964,1.6414261036729114,0.12626084439910842,0.16690789400716902,0.5360929252662414,0.03638043352198161,4.3670407098237325,0.12390667609366897,4.739951750148736,0.3177248424664205,1.9891989683433549,7.181755190543981e-15,-8.482103908136556e-14,0.0,-0.9036787963044538,0.0,-8.049096037438051,0.0
71,3.350317118701548,1.6302546283028794,0.12997595434527173,0.17047592947600693,0.5352241718199934,0.03767976130485465,4.328086798776673,0.1274557455245645,4.669354923538667,0.3194370821963963,1.987505637133088,7.549516567451064e-15,-9.758860386455602e-14,0.0,-0.8882714853716165,0.0,-8.08732669769921,0.0
72,3.4051515244763246,1.6192138015430524,0.13385531103459103,0.17411485499570542,0.5345503679132504,0.0390614945429694,4.288652263454394,0.13109621341860064,4.599160771847945,0.3213265053158902,1.9853480879593821,8.298917109073045e-15,-1.3189449532547728e-13,0.0,-0.8727701242058217,0.0,-8.125233635720488,0.0
73,3.4599700523559953,1.60830105118511,0.13790203676956,0.17782649092105424,0.5340679604507932,0.04052900448518256,4.248765724216808,0.13483064681960374,4.5294011254127025,0.32339027120900254,1.9827340041695942,6.827871601444713e-15,-1.274536032269761e-13,0.0,-0.8571825984717505,0.0,-8.162818569563282,0.0
74,3.5147734337335796,1.5975139167047931,0.14211944639661722,0.1816128061301458,0.5337736594555793,0.04208592952836613,4.208473316066414,0.13866128874049247,4.460103450957065,0.32562591400821606,1.979671922603365,6.467049118441537e-15,-1.2101430968414938e-13,0.0,-0.8415164688512496,0.0,-8.200083025472292,0.0
75,3.5695622601277206,1.5868500433020158,0.14651104082991176,0.18547592377652103,0.5336644363071109,0.043736376908075435,4.167794251024853,0.14259019245060495,4.391291228532325,0.32803075664602793,1.976169928900216,6.938893903907228e-15,-1.607602939657356e-13,0.0,-0.8257789870415104,0.0,-8.237028368401257,0.0
76,3.62433698791566,1.5763071762800962,0.15108050210742702,0.1894181278948971,0.5337375224325821,0.04548457932298091,4.126730769999144,0.14662050506678265,4.322984293765883,0.33060339969253383,1.9722370002690128,6.598888102615774e-15,-1.5820678100909735e-13,0.0,-0.8099771105519047,0.0,-8.273655829340163,0.0
77,3.6790979426296575,1.5658831557621828,0.155831689875771,0.19344187089647533,0.5339904085022381,0.04733502389700077,4.085301932150966,0.15075421685995227,4.255199148714704,0.33334258933743016,1.9678838348541068,6.328271240363392e-15,-1.696420781627383e-13,0.0,-0.7941175165332695,0.0,-8.30996652958454,0.0
78,3.733845322759621,1.5555759117397119,0.16076863922527174,0.19754978200266404,0.5344208441804088,0.04929246070344751,4.043541915802398,0.15499497988814623,4.18794924424903,0.3362472433905293,1.963113058860619,6.050715484207103e-15,-1.683098105331879e-13,0.0,-0.7782066148253755,0.0,-8.34596150215661,0.0
79,3.788579203013109,1.5453834594456777,0.1658955598196925,0.20174467667931825,0.5350268384852351,0.051362112784792746,4.0014604775948115,0.1593451915153817,4.121245236563565,0.3393162228768728,1.957934813773296,7.281501790412648e-15,-1.6497914145931187e-13,0.0,-0.7622505603690674,0.0,-8.381641710531177,0.0
80,3.8432995369891922,1.5353038950441673,0.17121683628567927,0.20602956714770357,0.535806660813227,0.05354942086707602,3.959056790373133,0.16380860493917554,4.055095081981725,0.3425488491088494,1.9523555303908247,6.2450045135165055e-15,-1.6409096303961162e-13,0.0,-0.7462552650986309,0.0,-8.417008064864731,0.0
81,3.8980061592254476,1.5253353916270993,0.17673702984630066,0.21040767406354904,0.5367588426892094,0.05586016620152151,3.9163426810861477,0.16838852423207573,3.9895044194831892,0.3459455792594715,1.9463799726640776,5.676015213396113e-15,-1.6298074001498626e-13,0.0,-0.7302264094057568,0.0,-8.452061435907304,0.0
82,3.9526987865777707,1.5154761955089997,0.18246088120149165,0.2148824394722709,0.5378821803082604,0.05830048990905598,3.8733295334083024,0.17308838675833152,3.9244768852685565,0.34950660780223214,1.9400165364418556,5.9396931817445875e-15,-1.6475709685438679e-13,0.0,-0.7141694532470766,0.0,-8.48680266675184,0.0
83,4.0073770188910895,1.5057246228111028,0.18839331467603773,0.2194575411669219,0.5391757379436201,0.06087691449350311,3.8300464016241333,0.1779125088708542,3.860014115637902,0.3532314616730085,1.9332689255999587,5.88418203051333e-15,-1.6298074001498626e-13,0.0,-0.6980896469530439,0.0,-8.521232582592809,0.0
84,4.062040338915359,1.4960790563267798,0.19453944367366183,0.22413690859634247,0.5406388523037321,0.06359636772517496,3.786476764876296,0.18286485392363808,3.7961159089265686,0.35712178320840543,1.9261420812266514,5.717648576819556e-15,-1.506572644416451e-13,0.0,-0.6819920417851104,0.0,-8.555351998653004,0.0
85,4.11668811141563,1.4865379426614085,0.20090457749399854,0.2289247404946507,0.5422711379324925,0.0664662091319517,3.7426265419473332,0.1879495487931258,3.732781070185439,0.36117886167211,1.9186438513879225,6.300515664747763e-15,-1.3311574065256513e-13,0.0,-0.665881500280595,0.0,-8.589161726387216,0.0
86,4.171319581417236,1.4770997896410987,0.20749422958839833,0.23382552443042323,0.5440724937598342,0.06949425937499522,3.6985002965530547,0.19317167258121423,3.670029769630571,0.36540326339449963,1.9107745285395283,5.384581669432009e-15,-1.3644640972644108e-13,0.0,-0.6497627064194433,0.0,-8.622662578123629,0.0
87,4.225933871517332,1.4677631639864175,0.2143141273508394,0.2388440585052226,0.5460431109251351,0.07268869982578234,3.6541012795490886,0.19853618977507154,3.607833486711243,0.3697974016843621,1.9025394695422886,5.329070518200751e-15,-1.1635137298072317e-13,0.0,-0.6336401756454043,0.0,-8.655855370220655,0.0
88,4.280529978181634,1.4585266892490543,0.2213702235625929,0.2439854754676365,0.5481834820142236,0.07605841384605562,3.6094415960195887,0.20404839652499457,3.54618576144132,0.37436373245156807,1.8939450433583056,4.919675777870225e-15,-1.1168843627729698e-13,0.0,-0.6175182647722119,0.0,-8.688740924860252,0.0
89,4.335106766930141,1.4493890440116748,0.22866870963385186,0.24925526955148689,0.5504944118722016,0.07961285704565306,3.5645157335391167,0.20971378090926557,3.4850788942924398,0.3791037072390433,1.8849910050615335,4.468647674116255e-15,-1.1146639167237193e-13,0.0,-0.6014011818081799,0.0,-8.721320070542834,0.0
90,4.389662966297213,1.4403489603536912,0.2362160308133822,0.2546593263969288,0.5529770301798076,0.08336205414008387,3.519317536465333,0.21553848132783857,3.4245222564853233,0.38402109170736004,1.875680349921448,3.885780586188048e-15,-8.63753513158409e-14,0.0,-0.58529299573409,0.0,-8.753593641355751,0.0
91,4.444197160429215,1.4314052225886753,0.24401890356879596,0.2602039564721052,0.5556328060111315,0.08731655560020331,3.473845340052744,0.22152910829522382,3.3645012534909906,0.3891192863061274,1.8660155084501149,4.107825191113079e-15,-8.182343691487738e-14,0.0,-0.5691976462751505,0.0,-8.785562475044335,0.0
92,4.498707780155989,1.4225566662825355,0.2520843353765127,0.2658959324830274,0.5584635646263658,0.09148762577772973,3.4280962504963304,0.2276926014309493,3.304990896095847,0.39440086606523445,1.8559983300338756,3.885780586188048e-15,-7.87148124459267e-14,0.0,-0.5531189537133364,0.0,-8.817227409947737,0.0
93,4.553193092339877,1.4138021775655814,0.2604196472028395,0.27174253134271237,0.561471506795994,0.09588766868174044,3.382066136645758,0.23403640669862916,3.2459944462444654,0.39987116980264903,1.84563006363124,4.3298697960381105e-15,-6.339373470609845e-14,0.0,-0.5370606287946481,0.0,-8.848589280766355,0.0
94,4.607651187266462,1.4051406927563652,0.26903249900716114,0.27775158137033906,0.5646592310038743,0.1005294683906273,3.3357496124083474,0.24056852472115672,3.1875029260524514,0.4055344052885387,1.834911335139748,3.3341385208274232e-15,-5.573319583618441e-14,0.0,-0.5210262827968026,0.0,-8.879648913156966,0.0
95,4.662079963792949,1.3965711983207747,0.27793091865694686,0.2839315155111998,0.5680297589381387,0.10542689725676027,3.289140009230079,0.24729756517623208,3.1294818380880325,0.4113952073472056,1.8238421209664093,2.6922908347160046e-15,-6.528111384796134e-14,0.0,-0.5050194378341347,0.0,-8.910407117135568,0.0
96,4.716477111911079,1.3880927311966516,0.28712333471390067,0.29029143151315345,0.5715865647528602,0.11059512014897929,3.2422355884170995,0.2542328066333423,3.071950270604847,0.4174600860350964,1.8124217172545536,2.831068712794149e-15,-3.652633751016832e-14,0.0,-0.4890435374935791,0.0,-8.940864679185974,0.0
97,4.770840092308746,1.3797043795224007,0.29661861363397135,0.2968411601712596,0.5753336086732105,0.11604967237454943,3.195019586560024,0.2613842669322652,3.0148599196806214,0.42373460003919894,1.8006487041210963,2.7478019859472624e-15,-6.683542608243666e-14,0.0,-0.47310195791296333,0.0,-8.971022352969133,0.0
98,4.825166112424575,1.3714052838181041,0.30642610202426573,0.30359134296708673,0.5792753756262032,0.12180834781599975,3.1474811713715973,0.26876278264750825,2.9582207865116814,0.4302257121947943,1.7885209041381054,2.9785202082521778e-15,-6.01740879346853e-14,0.0,-0.4571980194382506,0.0,-9.000880848529652,0.0
99,4.879452098377743,1.3631946386800164,0.31655567472132856,0.3105535206926123,0.583416919712869,0.1278891204544478,3.099608107590955,0.2763798846899758,2.9019917042502117,0.43694151590110447,1.776035334146261,2.1094237467877974e-15,-8.41549052665904e-14,0.0,-0.44133499902302886,0.0,-9.030440819726511,0.0
100,4.9336946620151325,1.3550716950647534,0.3270177896030974,0.3177402349737053,0.5877639155024615,0.13431256939012887,3.0513865543866023,0.2842482959814437,2.846180808255933,0.443889550466396,1.7631881493080799,2.220446049250313e-15,-9.681144774731835e-14,0.0,-0.4255161435724837,0.0,-9.059702849718974,0.0
101,4.987890062141175,1.3470357632588241,0.3378235502278029,0.3251651450113721,0.5923227173329959,0.1411000956623619,3.0028009530034256,0.2923820518247221,2.7907437194995195,0.45107932239090676,1.7499750420172004,2.518818487118324e-15,-1.3256062914025248e-13,0.0,-0.40974468447718865,0.0,-9.088667434116184,0.0
102,5.0420341587713855,1.3390862166535684,0.3489847776161514,0.3328431623624207,0.597100428056246,0.14827529860760102,2.9538338928407004,0.3007962967885786,2.73567499411683,0.4585212447606894,1.7363929965658969,1.6028844918025698e-15,-1.6298074001498626e-13,0.0,-0.3940238536412951,0.0,-9.11733496140929,0.0
103,5.096122358963892,1.3312224964768749,0.36051409276920454,0.3407906072134834,0.602104978983042,0.15586407400807192,2.904465952453596,0.30950737231359227,2.680950255522816,0.4662258389044036,1.7224322534715935,1.9359513991901167e-15,-2.3980817331906254e-13,0.0,-0.37835690138240274,0.0,-9.145705690136255,0.0
104,5.150149552413714,1.323444117673107,0.37242501185909754,0.349025390402286,0.6073452231856505,0.16389400209375857,2.854675511153901,0.31853306053122266,2.6265393508441544,0.47420540398473326,1.7080857764635728,1.6514567491299204e-15,-3.2041036490687147e-13,0.0,-0.36274711667547127,0.0,-9.173779722092355,0.0
105,5.2041100345148195,1.3157506761748676,0.3847320564619114,0.35756722645886313,0.6128310448229761,0.17239581781543062,2.8044385258610345,0.3278938605514549,2.5724195815568835,0.48247387076298565,1.6933469433882409,1.7381929229287607e-15,-4.439781875476986e-13,0.0,-0.34719785033504585,0.0,-9.201556970763527,0.0
106,5.257997413966426,1.3081418578785038,0.39745088174852283,0.3664378842471874,0.6185734878056229,0.18140326759894868,2.7537282630563538,0.3376111718204399,2.51857070540891,0.49104614282467096,1.678201620680924,2.1024848528838902e-15,-5.864198016071796e-13,0.0,-0.3317125418923553,0.0,-9.22903712378071,0.0
107,5.311804501169153,1.3006174497255056,0.4105984262445487,0.37566148347968614,0.6245849079576606,0.19095330427302915,2.7025149880270973,0.3477095648417636,2.464959652910116,0.4999381853769272,1.6626422593776933,2.687086664288074e-15,-8.076872504151275e-13,0.0,-0.3162947511344821,0.0,-9.256219598042545,0.0
108,5.365523172547635,1.2931773534126172,0.42419308766200003,0.38526484758488133,0.630879153923871,0.20108678241684663,2.6507655963452197,0.3582158819617443,2.4115535970984068,0.5091689284684111,1.6466511218381799,3.689756833402669e-15,-1.1189937865203213e-12,0.0,-0.30094819555848734,0.0,-9.283103485563222,0.0
109,5.419144204440369,1.2858216024161986,0.43825493045729985,0.39527792631556863,0.6374717835037701,0.21184881593193364,2.598444227066322,0.369160403712786,2.358319381238085,0.518759066325012,1.6302144899281963,5.044575868140555e-15,-1.5423218258104567e-12,0.0,-0.2856767953751257,0.0,-9.309687487617719,0.0
110,5.472657068157582,1.2785503832385887,0.4528059322711052,0.40573430534994764,0.6443803239906809,0.22329026749069936,2.5455125869468467,0.3805763941130245,2.3052204933201184,0.5287316236645687,1.6133142143971468,6.9735883734267645e-15,-2.0905499553713553e-12,0.0,-0.27048472822010555,0.0,-9.33596983389449,0.0
111,5.526049674992597,1.2713640620912234,0.46787027837705797,0.41667182532955666,0.6516245876313542,0.2354677896385882,2.4919206216808454,0.39250237430292095,2.252216665299802,0.5391124969875434,1.595928209716201,9.835882108788496e-15,-2.8795854589744145e-12,0.0,-0.25537649645295757,0.0,-9.361948182265465,0.0
112,5.579308056036435,1.264263218658826,0.48347471588046886,0.42813333982827767,0.6592270567518853,0.24844515915212056,2.4376161555712015,0.40498113326723256,2.1992677481944187,0.5499309425480198,1.578032877603535,1.399054483375295e-14,-3.96072064035809e-12,0.0,-0.24035701093335737,0.0,-9.38761949336289,0.0
113,5.632415956067322,1.2572486891985866,0.4996489829044659,0.4401676514342244,0.6672133577858874,0.26229458561268365,2.382540243119831,0.4180610150063283,2.146323276044223,0.5612201755994282,1.5596008069402072,2.0008300571916493e-14,-5.490052856786469e-12,0.0,-0.22543169659757523,0.0,-9.41297987164483,0.0
114,5.68535431276198,1.2503216221062707,0.5164263327228856,0.4528306786055891,0.6756128499321084,0.27709832828923814,2.3266259769836495,0.43179843494001785,2.0933257923952997,0.5730181135697803,1.5406001186147604,2.892130979148533e-14,-7.71949171255097e-12,0.0,-0.21060662722053447,0.0,-9.438024361910045,0.0
115,5.738100580742798,1.2434835503664856,0.5338441792361602,0.46618692496974573,0.6844593632689108,0.2929504415066526,2.269804846713756,0.4462577972919931,2.040219312011449,0.5853683062979601,1.5209936491479903,4.2299497238218464e-14,-1.0931588967426428e-11,0.0,-0.19588869976770332,0.0,-9.462746685190545,0.0
116,5.790627842517353,1.2367364872191755,0.551944899043546,0.4803113499264035,0.6937921340863011,0.3099599459863541,2.2119812855215937,0.4615139302018465,1.9869336189531404,0.5983211125898901,1.5007379235531415,6.265127305837837e-14,-1.5718315538161572e-11,0.0,-0.18128586323439125,0.0,-9.487138891308009,0.0
117,5.842903621889992,1.2300830542822567,0.5707768376585757,0.49529177891137727,0.7036570038441887,0.3282538856597339,2.1530538360577864,0.477654414198329,1.933393158302532,0.6119352052890313,1.4797818493976562,9.429956815409923e-14,-2.2986834658220676e-11,0.0,-0.1668074236939668,0.0,-9.51119089479782,0.0
118,5.894888274424117,1.223526655879123,0.5903955846033734,0.5112320499816038,0.7141079754634477,0.34798146854150513,2.092913310744324,0.4947822353057785,1.8795057913518642,0.6262795204930602,1.4580650372265214,1.4475746989983662e-13,-3.4282132688777987e-11,0.0,-0.15246445784726265,0.0,-9.534889844752728,0.0
119,5.946532764579021,1.2170717204720818,0.6108656062607848,0.5282561809284071,0.7252092612457867,0.36931903381075504,2.031411860908419,0.5130214723407305,1.8251695988020809,0.6414351495677637,1.4355178679655272,2.2773970209666317e-13,-5.236111544485971e-11,0.0,-0.138270384128798,0.0,-9.558219253274265,0.0
120,5.997775533648132,1.2107240417351048,0.6322623592475248,0.5465139749171418,0.7370380180275405,0.3924796206946145,1.9683924696650892,0.5325206856414763,1.7702632776217853,0.6575002150667406,1.4120527459842265,3.6849689966089727e-13,-8.21640533422045e-11,0.0,-0.12424176767145687,0.0,-9.581157765528191,0.0
121,6.0485379865550115,1.2044912712396392,0.654675054082716,0.5661886907672369,0.7496880591796423,0.41772123222152874,1.9036524606553238,0.5534621707725401,1.714641389919961,0.6745930537068966,1.3875682649540106,6.150756987066686e-13,-1.3324552573301215e-10,0.0,-0.11039948093967407,0.0,-9.603677384130144,0.0
122,6.098717822867115,1.1983836481962629,0.6782103019221275,0.5875077331706259,0.763274979050749,0.445362734841263,1.8369596426161077,0.5760708692479827,1.658127951820694,0.6928594591846319,1.3619359251722296,1.0679044454287023e-12,-2.24592122702557e-10,0.0,-0.09677042014302213,0.0,-9.6257408403572,0.0
123,6.1481789000622005,1.1924151111940235,0.702996953979034,0.6107578458986357,0.7779433537465406,0.47580240624284403,1.7680173709755238,0.6006312912956525,1.6005145877864861,0.7124805111315501,1.3349984079949644,1.94170200751298e-12,-3.9618286437136265e-10,0.0,-0.08339011665053955,0.0,-9.647297590310759,0.0
124,6.196735330307929,1.1866050463175586,0.7291925116775664,0.6363071417047871,0.793877036934798,0.5095497295392275,1.6964626614840514,0.6275070593398352,1.5415342329253687,0.7336863009421737,1.3065574295030062,3.724416608452685e-12,-7.377616298377713e-10,0.0,-0.07030683831896442,0.0,-9.668277519853806,0.0
125,6.244125636147882,1.1809811344168961,0.7569914537404631,0.6646376539669748,0.8113140996108064,0.5472661941268224,1.6218386195951746,0.6571751054764908,1.4808571198669354,0.7567733881750076,1.2763607214777224,7.613630212399691e-12,-1.4648320345215818e-9,0.0,-0.05758826217146796,0.0,-9.6885806919956,0.0
126,6.2899691100935815,1.1755841699545242,0.7866353716129776,0.6963940987781306,0.830568652248095,0.589830027122027,1.5435641621977725,0.690270403895866,1.418066159483963,0.7821320285755445,1.244080066460171,1.675082121621596e-11,-3.1372374747291147e-9,0.0,-0.04533275540295724,0.0,-9.708059994537797,0.0
127,6.333689161918,1.1704765451284247,0.8184228376172548,0.7324567906818242,0.8520622183904689,0.6384301665733974,1.4608998136842348,0.7276593342514002,1.352627330192301,0.8102818599058808,1.2092887972254363,4.003141915176478e-11,-7.337581791330626e-9,0.0,-0.03368921526260399,0.0,-9.726490587601806,0.0
128,6.3743740036514565,1.1657577086046724,0.8527097957848027,0.7740456235530301,0.8763652262469668,0.6946970255563778,1.3729283654600277,0.7705393799346536,1.2838794166480925,0.8419219487149199,1.1714346042598949,1.1813466871402056e-15,-6.550315845288444e-15,0.0,-0.02289319066724796,0.0,-9.743514232829048,0.0
129,6.41052102710267,1.1615926134450902,0.8898668465084075,0.822839430855039,0.9042344030768718,0.7608443494934071,1.2786071409657294,0.8205512452020445,1.2110713693188,0.8779687496965581,1.1298398197978718,1.1120119582097576e-15,2.176037128265283e-14,0.0,-0.013333207796993728,0.0,-9.758536820475584,0.0
130,6.4396034238622315,1.158260141283127,0.9300829596322433,0.880973057440483,0.9365650976512785,0.8396208972593415,1.1771596598569596,0.8797662543411089,1.133642340476385,0.9194807591825689,1.0838460904922331,1.1232334506949826e-15,-1.1224354778960961e-13,0.0,-0.0056635630046935805,0.0,-9.770553936142404,0.0
131,6.450206338641437,1.1570492840462865,0.9509857767862758,0.9138349961326009,0.9544384553115641,0.8840579030256346,1.1244564208460182,0.9130832461380666,1.0937123604421277,0.9422919130888949,1.059397231340661,1.97313589078707e-11,-5.3491825556656205e-9,0.0,-0.002872229129971405,0.0,-9.77491982731489,0.0
132,6.461125942685714,1.155804543175411,1.0004490935896873,1.0008598290587116,1.000445529070136,0.9988489559757076,1.0011518250648157,0.9991360597377398,1.0008645632030995,0.9994389686464251,1.000561186379165,2.9700297010995785e-11,-3.1899171133250244e-9,0.0,-2.6098764824407614e-7,0.0,-9.779407585316536,0.0
