run,index,kappa,closure,neutral_error,transverse_modulus,BK_IVP_mu_difference
lower-n40,0,0.4092943583924221,1.7114087924596788e-12,1.7114087924596788e-11,0.99091533218952,2.694955369975105e-12
lower-n40,1,0.4098222469355668,2.0650148258027912e-14,1.1146639167236572e-13,0.9885408003581898,1.9628743075372768e-13
lower-n40,2,0.41063102955158576,4.241051954068098e-14,8.326672684688674e-14,0.984921220846798,1.7430501486614958e-13
lower-n40,3,0.41189758807318955,2.4513724383723456e-13,2.0091706076641458e-12,0.9792974808876521,3.1241675912951905e-13
lower-n40,4,0.41392481911720624,2.7039481764745688e-12,2.2019275291995655e-11,0.9704080168479684,2.1650459203215178e-12
lower-n40,5,0.41723770893449436,3.1479929774036464e-11,2.2611579275633176e-10,0.9561713973582384,2.6198709868197056e-11
lower-n40,6,0.4227553901556442,3.6506742073783016e-10,2.291884348970541e-09,0.9332350244762841,3.341928955791218e-10
lower-n40,7,0.4304161598125689,1.3370311524596445e-09,7.532841128643497e-09,0.902920346587685,1.7546673003465685e-09
lower-n40,8,0.4395968693356846,5.023759186428833e-13,2.8312907573990742e-12,0.8687871775503689,3.172906382076235e-12
lower-n40,9,0.4502917943321748,9.366951658762446e-13,4.434341782655338e-12,0.8318126137866303,6.2839733416808485e-12
lower-n40,10,0.4625047216917523,1.5860646129794986e-12,6.396660978680302e-12,0.792937722576039,1.1105782959930366e-11
lower-n40,11,0.47624825895060025,2.484790151413563e-12,8.467893053420994e-12,0.75303856087933,1.7937318297356342e-11
lower-n40,12,0.49154492460965393,3.641142942711895e-12,1.0240808201444906e-11,0.7129002367673418,2.6700974764537477e-11
lower-n40,13,0.5084277178485394,5.017597448642164e-12,1.1182499370931964e-11,0.6732022569958972,3.660216574274955e-11
lower-n40,14,0.526940197228851,6.537992369715084e-12,1.0578204978628492e-11,0.634513153444347,4.5899395395565534e-11
lower-n40,15,0.5471360815910288,9.137579581874888e-12,7.680633906659295e-12,0.5972921322043693,5.1656456889759284e-11
lower-n40,16,0.5690783465729515,1.3999412740162143e-11,1.7956747200287282e-12,0.5618956178883964,4.9521386991102645e-11
lower-n40,17,0.5928377442744763,1.9709012200053166e-11,7.376099731004615e-12,0.528586863269939,3.3536617927154566e-11
lower-n40,18,0.6184906308378016,2.5699831152081742e-11,1.9661383632296747e-11,0.4975471449619034,1.9308554755070872e-11
lower-n40,19,0.6461159576704069,3.1057156846259204e-11,3.3821168088365994e-11,0.4688874071486416,7.046935257548625e-11
lower-n40,20,0.6757912809503643,1.2778422764370134e-10,2.377805730091609e-10,0.4426595213594026,1.8586976402445998e-09
lower-n40,21,0.7075876938097891,1.421157636016801e-10,2.8913316185708027e-11,0.4188665956177412,1.4460842523433826e-09
lower-n40,22,0.7415636979875397,1.4599227382561253e-10,1.2343082111954118e-10,0.3974719998195883,1.0421385976400188e-09
lower-n40,23,0.7777582534360389,1.3798928666375332e-10,2.1394397364815632e-10,0.3784069783775597,7.101557675248671e-10
lower-n40,24,0.8161835311285496,1.168585783695164e-10,2.355804440412612e-10,0.3615769126748409,1.1036749292259174e-09
lower-n40,25,0.8568182430525738,8.215247926379732e-11,1.8151036229596684e-10,0.34686645874472366,1.5606861358818946e-09
lower-n40,26,0.8996026979782796,3.5001723741601154e-11,4.871836267739127e-11,0.3341439101471265,2.0906459896608e-09
lower-n40,27,0.944436789995714,3.18971515866906e-11,1.574885777344548e-10,0.32326518728286596,2.6999645852399112e-09
lower-n40,28,0.9911818256446259,8.112110982949616e-11,4.206901493830628e-10,0.3140778039269496,3.3884018368901536e-09
lower-n40,29,1.0396664127414548,1.378304970156563e-10,7.127820556007691e-10,0.30642500453469185,4.846053558438257e-09
lower-n40,30,1.0896957398867868,1.8498566567437535e-10,9.98969573728914e-10,0.3001500418599191,6.898111193365253e-09
lower-n40,31,1.1410627943873106,2.1816781714534272e-10,1.2452532338613764e-09,0.29510035371579196,9.2481824420787e-09
lower-n40,32,1.1935597102551707,2.3574991958597025e-10,1.426444518060066e-09,0.29113128367754987,1.1757435247616854e-08
lower-n40,33,1.2469876225126861,2.3866879306222444e-10,1.5296455213587024e-09,0.2881090126712785,1.4256400948653436e-08
lower-n40,34,1.3011639914923385,2.294469475527805e-10,1.5532602981593868e-09,0.28591250164871473,1.657461823345585e-08
lower-n40,35,1.3559270701076565,2.111237851210035e-10,1.5031627054185037e-09,0.2844344215934847,1.8564990655889346e-08
lower-n40,36,1.4111377655238702,1.8651243050005206e-10,1.3894847494810847e-09,0.2835811972746319,2.011989641559353e-08
lower-n40,37,1.466679474726318,1.5786588702937365e-10,1.222386192267777e-09,0.2832723777343344,2.1175351250235508e-08
lower-n40,38,1.5224565626213515,1.2685028027981105e-10,1.0116729676212799e-09,0.283439567278132,2.1710059971979945e-08
lower-n40,39,1.5783920816336245,9.467859829470626e-11,7.665761359021417e-10,0.2840251251076848,2.1739403166520788e-08
lower-n40,40,1.6344251906325724,6.223516146874886e-11,4.957116939152684e-10,0.2849807939052027,2.130673237843439e-08
lower-n40,41,1.6905085809878477,3.019119676483939e-11,2.073942129143802e-10,0.28626636642968056,2.047473179889181e-08
lower-n40,42,1.7466060911043997,3.446709584409291e-11,9.049627713864083e-11,0.2878484550792652,1.931696025359031e-08
lower-n40,43,1.802690598110088,5.5627058515028693e-11,3.904685463851365e-10,0.2896993962259038,1.791100801007417e-08
lower-n40,44,1.8587422143725856,7.554201708614983e-11,6.856615275552258e-10,0.29179629870098744,1.6332886154657444e-08
lower-n40,45,1.9147467803276423,9.386402766153878e-11,9.699872016710742e-10,0.2941202320855649,1.4653028124200773e-08
lower-n40,46,1.9706946262516647,1.1033440827645791e-10,1.2384635539319788e-09,0.29665554303238484,1.2933410342697016e-08
lower-n40,47,2.0265795678804053,1.3152649802616878e-10,1.4869141473639047e-09,0.29938928460334596,1.1226555018950535e-08
lower-n40,48,2.0823980996043767,1.5141188303147146e-10,1.7121166706601798e-09,0.3023107429277609,9.574893100605664e-09
lower-n40,49,2.138148751303508,1.6908478783772551e-10,1.911968139367559e-09,0.30541104624940735,8.010778707046029e-09
lower-n40,50,2.1938315788062446,1.8456818018375287e-10,2.085164929610528e-09,0.3086828428994587,6.557482112867774e-09
lower-n40,51,2.2494477623528586,1.9791658589785044e-10,2.2311099634464426e-09,0.3121200364614736,5.230191391092376e-09
lower-n40,52,2.3049992917046995,2.0921089860514996e-10,2.3499782120239843e-09,0.3157175681287929,4.0370868870098775e-09
lower-n40,53,2.3604887203812903,2.185400194143483e-10,2.4425057532084793e-09,0.3194712378614041,2.980594437929085e-09
lower-n40,54,2.4159189748196224,2.2601687188483766e-10,2.509630725455736e-09,0.3233775573706062,2.058857306863615e-09
lower-n40,55,2.4712932070281823,2.3175629471072767e-10,2.5530493275027766e-09,0.32743362918094826,1.3414452881832517e-09
lower-n40,56,2.5266146815949515,2.358711420624715e-10,2.574420898682206e-09,0.33163704704921004,1.0531743810382466e-09
lower-n40,57,2.5818866897664834,2.384835107172023e-10,2.575534008286695e-09,0.33598581387523185,7.996634465712305e-10
lower-n40,58,2.6371124848110914,2.397156223521435e-10,2.5586475160821465e-09,0.34047827394597874,5.784769330219319e-10
lower-n40,59,2.6922952340761785,2.396833009843391e-10,2.5254105473493382e-09,0.34511305693289357,7.911129529247773e-10
lower-n40,60,2.747437984103399,2.3849974772893745e-10,2.4780268947921513e-09,0.34988903153372736,1.0792311488927453e-09
lower-n40,61,2.8025436359229987,2.362787049348114e-10,2.418347300192636e-09,0.3548052670362704,1.2979053387596196e-09
lower-n40,62,2.8576149282494874,2.3312798913543986e-10,2.3484074684887446e-09,0.35986100139270194,1.4570684658821165e-09
lower-n40,63,2.912654426776739,2.291427325662454e-10,2.269650911657095e-09,0.36505561464943215,1.565410467918582e-09
lower-n40,64,2.9676645181474437,2.2442629699082062e-10,2.1840491637448167e-09,0.3703886067825426,1.6314218864721397e-09
lower-n40,65,3.0226474074700946,2.1906600145005228e-10,2.0930088773241096e-09,0.37585957916026064,1.6623165066675938e-09
lower-n40,66,3.0776051184928552,2.131440718367017e-10,1.9978489973482283e-09,0.3814682189887335,1.6645145262117467e-09
lower-n40,67,3.1325394957305526,2.067458149124235e-10,1.8998773665401814e-09,0.3872142862120394,1.6436678684783601e-09
lower-n40,68,3.1874522079890926,1.9994310374027435e-10,1.800307680710489e-09,0.39309760242825925,1.6047598805357666e-09
lower-n40,69,3.2423447528487244,1.9281100327450673e-10,1.7001167140762163e-09,0.39911804145932006,1.551940131960805e-09
lower-n40,70,3.297218461760313,1.854046638438689e-10,1.5999943592248655e-09,0.4052755212741741,1.4885359611582771e-09
lower-n40,71,3.352074505482051,1.7779377969873167e-10,1.500961133160672e-09,0.4115699970155691,1.4177223839340058e-09
lower-n40,72,3.4069138996418435,1.700327378895139e-10,1.403552607470715e-09,0.4180014549238981,1.34187261302543e-09
lower-n40,73,3.4617375102561057,1.621727196976508e-10,1.3084544558950029e-09,0.4245699069844829,1.2631065082757686e-09
lower-n40,74,3.516546059071287,1.5425791199952243e-10,1.2158984930010774e-09,0.43127538615515626,1.1828236168298645e-09
lower-n40,75,3.5713401286221242,1.4634185530049137e-10,1.1266239052787341e-09,0.438117942052844,1.1027114776851477e-09
lower-n40,76,3.6261201669218988,1.3845388724398333e-10,1.0406289163711335e-09,0.44509763699993343,1.0234804115327734e-09
lower-n40,77,3.680886491716012,1.3063827797310523e-10,9.582694637799705e-10,0.4522145423437506,9.461020855638935e-10
lower-n40,78,3.735639294242002,1.229294999127717e-10,8.796705586178177e-10,0.4594687349797285,8.71115846123871e-10
lower-n40,79,3.7903786424473576,1.1535200572510007e-10,8.050462518838231e-10,0.46686029401645796,7.991036721222144e-10
lower-n40,80,3.8451044836217294,1.0793885230064859e-10,7.34516447664646e-10,0.4743892975313363,7.304463700563701e-10
lower-n40,81,3.8998166464028126,1.007110783657339e-10,6.679976571888346e-10,0.48205581937203734,6.652349782143574e-10
lower-n40,82,3.9545148421155423,9.369471865028345e-11,6.056941614929201e-10,0.489859925964317,6.038711752864856e-10
lower-n40,83,4.009198665402527,8.689682307050361e-11,5.472051700650127e-10,0.4978016730913913,5.460212282315524e-10
lower-n40,84,4.063867594099932,8.034281573365831e-11,4.926461460996734e-10,0.5058811026116433,4.918971896472613e-10
lower-n40,85,4.1185209883073055,7.404293844714971e-11,4.419395960297834e-10,0.5140982390855087,4.414812959652181e-10
lower-n40,86,4.17315808859211,6.8002159459013e-11,3.949294224980804e-10,0.5224530862805452,3.9468694978950225e-10
lower-n40,87,4.227778013259746,6.224196158477469e-11,3.5157476929725817e-10,0.5309456235247838,3.514517565861297e-10
lower-n40,88,4.282379754607469,5.676298320267392e-11,3.116613633835641e-10,0.5395758018771483,3.1161118130285104e-10
lower-n40,89,4.3369621740653646,5.1566029224403565e-11,2.751168182157926e-10,0.548343540080097,2.7511692923809505e-10
lower-n40,90,4.391523996109128,4.6657566699082054e-11,2.4171020740482163e-10,0.5572487202570662,2.417410716049062e-10
lower-n40,91,4.446063800806945,4.2037567871133774e-11,2.1129542560061054e-10,0.5662911833115537,2.1134038963310786e-10
lower-n40,92,4.50058001483581,3.7705782940378185e-11,1.8371570931208225e-10,0.5754707239783108,1.837751062438997e-10
lower-n40,93,4.5550709007697625,3.365729916993132e-11,1.5880941006685134e-10,0.5847870854689029,1.6154799720169422e-10
lower-n40,94,4.60953454440275,2.98902014250757e-11,1.3643131069329684e-10,0.5942399536429439,1.47242995574004e-10
lower-n40,95,4.663968839820243,2.639699570039511e-11,1.1645973074791982e-10,0.6038289506237066,1.3363954387557442e-10
lower-n40,96,4.718371471874284,2.317540603868906e-11,9.84006209847621e-11,0.6135536277605155,1.2068790411490227e-10
lower-n40,97,4.772739895643386,2.0216550655760557e-11,8.259792849685255e-11,0.6234134578194428,1.0853073995065188e-10
lower-n40,98,4.827071312368129,1.7507495453372712e-11,6.860467749447707e-11,0.6334078262606988,9.710676707186394e-11
lower-n40,99,4.881362641240413,1.5040468870353152e-11,5.6231241885029704e-11,0.6435360214268161,8.638878501443514e-11
lower-n40,100,4.93561048628302,1.2810419391939831e-11,4.552180854489052e-11,0.6537972234292325,7.645006849799074e-11
lower-n40,101,4.989811097377853,1.0799305893982591e-11,3.61684016070285e-11,0.664190491470075,6.719591549853021e-11
lower-n40,102,5.043960324275002,9.001022149845994e-12,2.8208768654280902e-11,0.6747147492724548,5.871081398822753e-11
lower-n40,103,5.098053562125273,7.401079749058681e-12,2.1435520025647747e-11,0.6853687682140903,5.094447086406717e-11
lower-n40,104,5.152085686705963,5.99187366390197e-12,1.5518697438210438e-11,0.6961511476533789,4.382050278195493e-11
lower-n40,105,5.206050977024994,4.7550852144695455e-12,1.0700329511337259e-11,0.7070602918044352,3.740063814205996e-11
lower-n40,106,5.259943022353544,3.673672477333412e-12,6.6349148397648605e-12,0.7180943823416824,3.1591174121103904e-11
lower-n40,107,5.313754609897507,2.741251670101974e-12,3.291811268013589e-12,0.7292513456814297,2.644773289262048e-11
lower-n40,108,5.367477588196539,1.9418910923718613e-12,5.417888360170764e-13,0.7405288135802012,2.19065876549962e-11
lower-n40,109,5.421102699826089,1.420585871159119e-12,1.6530110613643956e-12,0.7519240752708113,1.7946755193065655e-11
lower-n40,110,5.474619374912675,1.276090344504155e-12,3.4503511159300615e-12,0.763434018790375,1.4574008666556892e-11
lower-n40,111,5.528015474120979,1.1808332089913165e-12,4.994005209368879e-12,0.7750550583697114,1.173217079042388e-11
lower-n40,112,5.5812769657823855,1.0967893260271921e-12,6.338818359097331e-12,0.7867830436593102,9.476863738200336e-12
lower-n40,113,5.634387516177098,1.0268452754758073e-12,7.642553256914653e-12,0.7986131450166589,7.808309554491188e-12
lower-n40,114,5.687327963837041,9.78550573904613e-13,9.030887149208411e-12,0.810539706849131,6.821654352506812e-12
lower-n40,115,5.740075636818749,1.3773426843499692e-12,1.083366729659474e-11,0.8225560577496313,6.56208420934945e-12
lower-n40,116,5.792603454146716,1.8611778784816124e-12,1.3375522911474036e-11,0.8346542613150754,7.263079027097774e-12
lower-n40,117,5.844878725683636,2.517541730640005e-12,1.7201240432029863e-11,0.8468247841916532,9.278577906002283e-12
lower-n40,118,5.896861522915372,3.4980907059889432e-12,2.3276602867383644e-11,0.85905604651565,1.3219758621119126e-11
lower-n40,119,5.948502426891258,5.047851026063199e-12,3.3243519048653525e-11,0.871333801902001,2.0252133303699793e-11
lower-n40,120,5.9997393518266025,7.605582830194635e-12,5.0068615919940385e-11,0.8836402648728452,3.381117608114437e-11
lower-n40,121,6.05049296281728,1.1997403071006829e-11,7.950817781932074e-11,0.89595285478245,5.6714521967649034e-11
lower-n40,122,6.100659896084822,1.9846679855106686e-11,1.3304657375812212e-10,0.9082423413258128,9.700829028957969e-11
lower-n40,123,6.150102438886909,3.4484526345579525e-11,2.3508273105932176e-10,0.9204700276282742,1.7169987653886665e-10
lower-n40,124,6.19863231195495,6.320366452428061e-11,4.4088921402618553e-10,0.9325833330395764,3.1869196170930536e-10
lower-n40,125,6.245984265485892,1.2294343321173073e-10,8.847381716137193e-10,0.9445086170051262,6.363024551703234e-10
lower-n40,126,6.291771402670285,2.5565349837108897e-10,1.9203991730165626e-09,0.9561390638211575,1.3708029156234147e-09
lower-n40,127,6.335406541431434,5.723809204383201e-10,4.570307909901317e-09,0.967313407332462,3.2005761374520603e-09
lower-n40,128,6.375959035158705,2.6978419498391304e-14,2.1782575743145571e-13,0.9777772861039882,2.8399504969911504e-13
lower-n40,129,6.411892018428449,4.9960036108132044e-15,1.5765166949677223e-14,0.9871125551709662,2.864375403532904e-14
lower-n40,130,6.440619775265347,3.885780586188048e-15,6.128431095930864e-14,0.9946186472856214,2.327027459614328e-13
lower-n40,131,6.450968953159193,2.141620214501927e-10,4.389155039419279e-09,0.9973320007765855,1.3247992702858369e-09
lower-n40,132,6.456024398618135,2.6739721548096895e-12,8.824974084831183e-11,0.9986592234736118,1.421684991953498e-11
lower-n40,133,6.458489077788455,6.583622536027178e-14,3.311351193246992e-12,0.9993067091236524,5.897504706808832e-13
lower-n40,134,6.461125942685714,1.2993339737477072e-10,8.52380943605624e-10,0.999999736879518,1.9396009243166645e-09
lower-n80,0,0.4092943583924221,1.7057466550340905e-12,1.7085222125956534e-11,0.9909153321894872,2.7198243657267085e-12
lower-n80,1,0.4098220552017464,3.630429290524262e-14,1.7208456881689926e-13,0.988541661077291,2.653433028854124e-13
lower-n80,2,0.41063045364929274,5.6621374255882984e-14,2.919886554764162e-14,0.9849237902898537,2.5845992013273644e-13
lower-n80,3,0.4118962285581282,2.5845992013273644e-13,1.8189894035458565e-12,0.9793034884002133,3.8768988019910466e-13
lower-n80,4,0.4139218352583097,2.709610313900157e-12,2.1741386468931978e-11,0.9704210010028462,2.231659301799027e-12
lower-n80,5,0.4172313170036677,3.141853444077469e-11,2.254243458565952e-10,0.9561985240424948,2.6233459848867824e-11
lower-n80,6,0.4227418048945467,3.637696810443458e-10,2.284987754563872e-09,0.93329033797834,3.3345937122675195e-10
lower-n80,7,0.43039039217545766,1.3302507984036538e-09,7.498439424935555e-09,0.9030194433290459,1.7455190626236572e-09
lower-n80,8,0.4395542135601961,1.6111041944988358e-09,8.429205222704184e-09,0.8689404935384214,2.865687243058801e-09
lower-n80,9,0.45022730219587487,1.4674331749731095e-09,7.313166738853738e-09,0.8320270822522045,3.3848123193180868e-09
lower-n80,10,0.4624132771047594,1.2858311082553087e-09,6.221439141640417e-09,0.7932163741637395,3.752149146940553e-09
lower-n80,11,0.47612462448520054,1.0928918880992455e-09,5.2024637930969675e-09,0.7533806053431321,3.971906137323344e-09
lower-n80,12,0.4913837533604115,9.059726302496074e-10,4.280101162379424e-09,0.7133015189379902,4.055579760908756e-09
lower-n80,13,0.5082235474081318,7.353535003140621e-10,3.4643776736231757e-09,0.6736559194835487,4.019282240363964e-09
lower-n80,14,0.5266874392996725,5.860449903138942e-10,2.755728756298481e-09,0.6350103740904355,3.880777699194482e-09
lower-n80,15,0.5468290192495986,4.5942497028939044e-10,2.1482833290065173e-09,0.5978228435706667,3.6574977491099503e-09
lower-n80,16,0.568711150290782,3.546087867789538e-10,1.6326773266683858e-09,0.5624491520346685,3.3654391495829827e-09
lower-n80,17,0.5924045175161762,2.6952584608608277e-10,1.1983016801053736e-09,0.5291524937915107,3.01929015122937e-09
lower-n80,18,0.6179854960321475,2.0162235769838333e-10,8.346929813995985e-10,0.4981145191282798,2.6333225600083665e-09
lower-n80,19,0.6455331928601555,1.4833281825055167e-10,5.328437691076715e-10,0.4694468748229874,2.2230088880803578e-09
lower-n80,20,0.6751255157271686,1.0730880073417381e-10,2.854364522519859e-10,0.443202375298395,1.8067798368548438e-09
lower-n80,21,0.7068341663066855,1.0610112788356219e-10,8.749778679373321e-11,0.4193852413594212,1.4070623555184625e-09
lower-n80,22,0.7407185705287658,1.1416501077832208e-10,6.392597562410174e-11,0.3979600713556812,1.0500331715235234e-09
lower-n80,23,0.7768189637111023,1.160634921504311e-10,1.6969314842185668e-10,0.37885941349686314,7.627919407227068e-10
lower-n80,24,0.8151491431471033,1.1103601371686977e-10,2.2899571128220941e-10,0.36198999385673586,5.676700221002307e-10
lower-n80,25,0.8556897423823658,9.837289316472209e-11,2.402420484770573e-10,0.34723781882972565,4.747842119456891e-10
lower-n80,26,0.8983831661629805,7.807571256179813e-11,2.033104795629015e-10,0.33447249579862,4.761190330881959e-10
lower-n80,27,0.9431313991507395,5.156838844833089e-11,1.2267031834767295e-10,0.3235511711512175,5.441701533825949e-10
lower-n80,28,0.9897976214928169,2.1938617589256637e-11,9.709566484161769e-12,0.3143224401606984,6.379738959338965e-10
lower-n80,29,1.0382118987861602,2.2618018569176002e-11,1.1679790468122064e-10,0.3066304315755391,7.156055747969958e-10
lower-n80,30,1.0881803226274134,2.987540770327257e-11,2.3444890473456326e-10,0.3003190481178182,7.471590013352625e-10
lower-n80,31,1.139496180728878,4.5225684308647374e-11,3.2327007737364966e-10,0.2952361307867337,7.223841524961472e-10
lower-n80,32,1.1919513512754714,5.2090137758753485e-11,3.721567498615741e-10,0.29123719419894484,6.489806470000303e-10
lower-n80,33,1.2453462739880727,5.1782494958629854e-11,3.8046754635701063e-10,0.28818839493482606,5.456987084428988e-10
lower-n80,34,1.2994974240942607,4.664731101389208e-11,3.561447803335227e-10,0.28596852335075545,4.3301662255856854e-10
lower-n80,35,1.3542419266054144,3.910734236445279e-11,3.110254276350588e-10,0.2844699846863011,3.271505288893195e-10
lower-n80,36,1.4094395387259995,3.1056268667839504e-11,2.5739899101040464e-10,0.28359888800102784,2.3677926286325146e-10
lower-n80,37,1.4649725703567478,2.3659768588757402e-11,2.0392842969840785e-10,0.2832744518124502,1.653954750935327e-10
lower-n80,38,1.5207444124944176,1.7459783618889446e-11,1.5597012570367497e-10,0.28342795940198223,1.1217449191747164e-10
lower-n80,39,1.5766772793477553,1.2566572782368723e-11,1.1588763282333048e-10,0.28400147322413544,7.433287319003057e-11
lower-n80,40,1.6327096304195559,8.861272826621303e-12,8.394507311493271e-11,0.284946470917266,4.845546186516003e-11
lower-n80,41,1.688793587915627,6.131040120038733e-12,5.935474334251012e-11,0.28622251423144934,3.140065985007823e-11
lower-n80,42,1.7448925365837527,4.152997390427515e-12,4.079758753050555e-11,0.28779601772891594,2.0585533277994728e-11
lower-n80,43,1.8009789985390752,2.7338686869882167e-12,2.6991742174686806e-11,0.289639150481427,1.4046208640650093e-11
lower-n80,44,1.857032813105528,1.7208456881689926e-12,1.6826318116613947e-11,0.29172888110893563,1.0305534203780553e-11
lower-n80,45,1.913039614409768,9.930806177393947e-13,9.369727216324009e-12,0.2940461624194154,8.309020138597134e-12
lower-n80,46,1.9689895798992696,4.710815071362617e-13,3.8056224838101116e-12,0.2965752442256718,7.559841641580078e-12
lower-n80,47,2.0248764147978475,1.155742168634788e-13,3.6992631180510216e-13,0.29930309949956385,7.523093259464986e-12
lower-n80,48,2.08069653611004,2.8177460364986473e-13,3.4656721936698887e-12,0.302218948239165,7.840950111415168e-12
lower-n80,49,2.1364484220111137,4.028999356364693e-13,5.828226790072222e-12,0.30531386412460704,8.37330205172293e-12
lower-n80,50,2.192132096348535,5.582062589937209e-13,7.682077196591308e-12,0.30858045047429283,9.0463192492507e-12
lower-n80,51,2.247748722381243,6.757233661502937e-13,9.024780922572972e-12,0.31201257372722213,9.620748642191757e-12
lower-n80,52,2.3033002841699424,7.655959199937001e-13,1.0041301123919766e-11,0.3156051444065995,1.0178080600553585e-11
lower-n80,53,2.3587893379037363,8.310852006587766e-13,1.0841327835464654e-11,0.31935393712761956,1.0695888619238758e-11
lower-n80,54,2.414218818793354,8.826273045769994e-13,1.130717741659737e-11,0.32325544263774364,1.0999201549566351e-11
lower-n80,55,2.4695918919693,9.212908214095705e-13,1.1620260309541663e-11,0.3273067461036855,1.1252554443785812e-11
lower-n80,56,2.524911838135898,9.487272079056197e-13,1.1836975843948494e-11,0.3315054268948999,1.1432188529170162e-11
lower-n80,57,2.5801819666118555,9.676009993242474e-13,1.1864953464169048e-11,0.3358494759734003,1.1469714067402492e-11
lower-n80,58,2.635405549901824,9.768019726408284e-13,1.195066268167011e-11,0.3403372277103126,1.1570522318038456e-11
lower-n80,59,2.690585775154847,9.81992265280951e-13,1.1815881606480616e-11,0.3449673035322602,1.1498579866042746e-11
lower-n80,60,2.74572570883081,9.779121956654535e-13,1.1669332167230095e-11,0.3497385652747329,1.1382006448457105e-11
lower-n80,61,2.8008282716628528,9.705708459151197e-13,1.1433520796799712e-11,0.3546500765085005,1.1193268534270828e-11
lower-n80,62,2.8558962216117156,9.610784390545746e-13,1.127364868125369e-11,0.3597010704184748,1.1096012997313665e-11
lower-n80,63,2.9109321429896475,9.450773497121645e-13,1.089150991617771e-11,0.3648909230724022,1.0752732038099566e-11
lower-n80,64,2.9659384403127915,9.275774592865105e-13,1.0600409439120995e-11,0.3702191311233555,1.0498935054670255e-11
lower-n80,65,3.020917335742729,9.086065233532281e-13,1.0314860077187404e-11,0.375685293162446,1.0263123684239872e-11
lower-n80,66,3.075870869216742,8.850836730189826e-13,9.953815549579303e-12,0.38128909407401407,9.925615884753825e-12
lower-n80,67,3.1308009005554425,8.606587664772292e-13,9.556799795973347e-12,0.3870302918608208,9.563461134121098e-12
lower-n80,68,3.1857091129861055,8.337081025544535e-13,9.21618337201835e-12,0.3929087064984652,9.251710508806354e-12
lower-n80,69,3.2405970176385166,8.080619506856124e-13,8.921752225887758e-12,0.3989242104544117,8.976264176396853e-12
lower-n80,70,3.2954659586638964,7.769618282083002e-13,8.459677403038768e-12,0.4050767205694222,8.54449844212013e-12
lower-n80,71,3.350317118701548,7.471245844214991e-13,8.08908495741889e-12,0.41136619105010563,8.186673561283442e-12
lower-n80,72,3.4051515244763246,7.160660953076103e-13,7.672085189369682e-12,0.41779260736485946,7.80397968469515e-12
lower-n80,73,3.4599700523559953,6.857014955841123e-13,7.339906460401835e-12,0.42435598086849374,7.467360063628803e-12
lower-n80,74,3.5147734337335796,6.499523141911823e-13,6.870282120985394e-12,0.431056344011587,6.991296430669536e-12
lower-n80,75,3.5695622601277206,6.223355164536315e-13,6.582290268397628e-12,0.4378937460125107,6.743050562363351e-12
lower-n80,76,3.62433698791566,5.875577802072485e-13,6.16973139244692e-12,0.4448682488924364,6.327938173456005e-12
lower-n80,77,3.6790979426296575,5.540012892879531e-13,5.78004311080349e-12,0.45197992378600255,5.949685188966214e-12
lower-n80,78,3.733845322759621,5.243305789548458e-13,5.328626428990901e-12,0.4592288474578878,5.496936239524075e-12
lower-n80,79,3.788579203013109,4.916622664552506e-13,4.900746475300366e-12,0.46661509896328174,5.065725616759664e-12
lower-n80,80,3.8432995369891922,4.622691118782996e-13,4.569900013962069e-12,0.4741387564004326,4.7339909770016675e-12
lower-n80,81,3.8980061592254476,4.3395842475035806e-13,4.210631843193369e-12,0.48179989371052956,4.373612583208342e-12
lower-n80,82,3.9526987865777707,4.108657858381548e-13,4.04165589884542e-12,0.4895985774850803,4.206412995699793e-12
lower-n80,83,4.0073770188910895,3.8261060986144457e-13,3.6848302187308946e-12,0.4975348637460108,3.8478109587458675e-12
lower-n80,84,4.062040338915359,3.5504932327512506e-13,3.3169023083701177e-12,0.5056087946650539,3.4675595728117514e-12
lower-n80,85,4.11668811141563,3.302358386747528e-13,2.97761815204467e-12,0.5138203951932669,3.110733892697226e-12
lower-n80,86,4.171319581417236,3.002598170098736e-13,2.6281199438926706e-12,0.5221696695696959,2.7645663536191023e-12
lower-n80,87,4.225933871517332,2.765565554341265e-13,2.319255898441952e-12,0.5306565976791913,2.4356072714226684e-12
lower-n80,88,4.280529978181634,2.5482393972708905e-13,1.998623488930207e-12,0.5392811312282716,2.1103119252074976e-12
lower-n80,89,4.335106766930141,2.3178681196611706e-13,1.7350565428841946e-12,0.5480431897042506,1.8465229345565604e-12
lower-n80,90,4.389662966297213,2.114697306154767e-13,1.4908074774666602e-12,0.5569426560803636,1.5771828287824974e-12
lower-n80,91,4.444197160429215,1.8962609260597674e-13,1.2261303083960229e-12,0.5659793722238683,1.307953745310897e-12
lower-n80,92,4.498707780155989,1.716404796070492e-13,9.965361869035405e-13,0.575153133957727,1.0752509993494641e-12
lower-n80,93,4.553193092339877,1.5415446696920299e-13,7.891465259035613e-13,0.5844636857186364,9.429124148141454e-13
lower-n80,94,4.607651187266462,1.3616885397027545e-13,6.132871988029365e-13,0.5939107147428406,8.267830864383541e-13
lower-n80,95,4.662079963792949,1.1896039708858552e-13,5.340172748447003e-13,0.6034938446990277,7.486233855047431e-13
lower-n80,96,4.716477111911079,1.0635936575909e-13,2.318145675417327e-13,0.6132126286712667,5.926370505449086e-13
lower-n80,97,4.770840092308746,9.386935673205699e-14,1.567634910770721e-13,0.6230665413743037,5.302425165609748e-13
lower-n80,98,4.825166112424575,7.849276784099857e-14,6.661338147750939e-14,0.633054970460285,4.4297898682543746e-13
lower-n80,99,4.879452098377743,6.689093723366568e-14,7.849276784099857e-14,0.6431772067425984,3.6359804056473877e-13
lower-n80,100,4.9336946620151325,5.4567461660326444e-14,1.4599432773820809e-13,0.6534324331255905,3.015365734881925e-13
lower-n80,101,4.987890062141175,4.424238753131249e-14,2.460254222569347e-13,0.6638197119788725,2.2326585025211898e-13
lower-n80,102,5.0420341587713855,3.3584246494910985e-14,2.398081733190338e-13,0.6743379706323314,2.0028423364237824e-13
lower-n80,103,5.096122358963892,2.731148640577885e-14,1.9917401061775308e-13,0.684985984589356,2.204902926905561e-13
lower-n80,104,5.150149552413714,3.0309088572266774e-14,3.3650859876388495e-13,0.6957623579519471,1.9106938253798944e-13
lower-n80,105,5.2041100345148195,3.497202527569243e-14,3.33510996597397e-13,0.7066655004194682,2.2171153801764376e-13
lower-n80,106,5.257997413966426,4.068967385251199e-14,3.930189507173054e-13,0.7176936000488923,2.4347190930029683e-13
lower-n80,107,5.311804501169153,5.084821452783217e-14,4.548583731889266e-13,0.7288445907338408,3.5282887722587475e-13
lower-n80,108,5.365523172547635,6.322720125240266e-14,5.740963260336684e-13,0.7401161130550428,5.448974604860268e-13
lower-n80,109,5.419144204440369,8.315570454442422e-14,7.215339437038892e-13,0.7515054667413735,8.207878821053782e-13
lower-n80,110,5.472657068157582,1.2462253451417382e-13,9.512390874988341e-13,0.7630095524203386,1.1393108678703356e-12
lower-n80,111,5.526049674992597,1.8457457784393227e-13,1.3420375921668892e-12,0.7746247995622726,1.5375478668033793e-12
lower-n80,112,5.579308056036435,2.6795232699328153e-13,1.889932654819404e-12,0.7863470764426718,2.070787985530842e-12
lower-n80,113,5.632415956067322,3.9152014963406145e-13,2.6881830095248915e-12,0.7981715764182767,2.8018698472465076e-12
lower-n80,114,5.68535431276198,5.714317907745681e-13,3.8303804572592526e-12,0.8100926726149283,3.889111255261923e-12
lower-n80,115,5.738100580742798,8.381073612895307e-13,5.566547223168072e-12,0.822103729918137,5.3650417441986065e-12
lower-n80,116,5.790627842517353,1.2386758285742872e-12,8.174128041105178e-12,0.8341968583898575,7.544187496932864e-12
lower-n80,117,5.842903621889992,1.856736986383112e-12,1.2193135390248244e-11,0.8463625850152621,1.0793699267708234e-11
lower-n80,118,5.894888274424117,2.8193003487331225e-12,1.8482437802447294e-11,0.8585894095162843,1.5799694885743065e-11
lower-n80,119,5.946532764579021,4.368061468085216e-12,2.86456414144709e-11,0.8708631923029158,2.371547402901797e-11
lower-n80,120,5.997775533648132,6.916800465717188e-12,4.5533132819741695e-11,0.8831662939776531,3.663092051908734e-11
lower-n80,121,6.0485379865550115,1.1267653476920714e-11,7.471567808892132e-11,0.895476338051157,5.852984763521363e-11
lower-n80,122,6.098717822867115,1.8983370431158164e-11,1.272858485279471e-10,0.9077643865377004,9.730627414938908e-11
lower-n80,123,6.1481789000622005,3.328159969839817e-11,2.2682156153308597e-10,0.9199921727738345,1.6936130275979622e-10
lower-n80,124,6.196735330307929,6.118749951156133e-11,4.264760766758968e-10,0.9321077693322724,3.112855528897285e-10
lower-n80,125,6.244125636147882,1.1896805762745544e-10,8.549994046092024e-10,0.9440385631986977,6.16894646476851e-10
lower-n80,126,6.2899691100935815,2.468013571288452e-10,1.8503434340289004e-09,0.9556794201044583,1.3224422668045577e-09
lower-n80,127,6.333689161918,5.505981226505696e-10,4.383980956035316e-09,0.9668719439197737,3.0730071820528337e-09
lower-n80,128,6.3743740036514565,4.773959005888173e-15,5.218048215738236e-14,0.9773668701016454,6.494804694057166e-14
lower-n80,129,6.41052102710267,3.9968028886505635e-15,6.972200594645983e-14,0.9867552856807701,6.45039577307216e-14
lower-n80,130,6.4396034238622315,5.662137425588298e-15,2.453592884421596e-14,0.9943524447336204,1.042499420123022e-13
lower-n80,131,6.450206338641437,2.0795443145260606e-10,4.101367800934952e-09,0.9971318904870128,1.286765916042043e-09
lower-n80,132,6.461125942685714,1.605733324083758e-10,8.282120544933491e-10,0.9999997366144717,2.3979140895136197e-09
upper-n80,0,6.459127413785393,1.3857803793371204e-12,9.526357480638126e-11,0.9994744491822353,2.107380936422487e-11
upper-n80,1,6.457230227291972,3.552713678800501e-15,1.48991929904696e-13,0.9989759669440533,8.1601392309949e-14
upper-n80,2,6.453728805068062,6.5503158452884236e-15,2.9454216843305403e-13,0.9980564079228733,8.215650382226158e-14
upper-n80,3,6.447410548310865,1.2922996006636822e-13,4.224731675606108e-12,0.9963985011321058,2.262634524186069e-13
upper-n80,4,6.436311875451504,1.9344525981068728e-12,4.6012860188682225e-11,0.9934906483805364,4.718447854656915e-12
upper-n80,5,6.417477135551352,2.495603723673412e-11,4.423041932710703e-10,0.9885688858593664,9.496647912499157e-11
upper-n80,6,6.386817977198351,2.6104207684340963e-10,3.526092529071434e-09,0.9805921345946019,1.2216158085109896e-09
upper-n80,7,6.347333539359485,7.191973683262631e-10,7.860026740580395e-09,0.9703830825763842,3.5099252393422375e-09
upper-n80,8,6.304426803064105,5.690801163638071e-10,5.3335559302425395e-09,0.9593708514065783,2.618170902302097e-09
upper-n80,9,6.259181063719063,3.185371966196726e-10,2.654356401343705e-09,0.9478507567389934,1.309948260974636e-09
upper-n80,10,6.2122460796524575,1.7592549639289246e-10,1.3340017979146523e-09,0.9360011645740369,6.356959403319706e-10
upper-n80,11,6.164046966434518,9.959411073623414e-11,6.982526778998022e-10,0.9239393750910198,3.15461656796856e-10
upper-n80,12,6.114873458061798,5.843525663351556e-11,3.832764106093123e-10,0.9117457676427048,1.6268697500265716e-10
upper-n80,13,6.064930082360294,3.557398819964419e-11,2.2027335511154433e-10,0.8994774098306975,8.745459911807529e-11
upper-n80,14,6.014365672617048,2.2422286249934587e-11,1.3200740500707298e-10,0.8871760803637753,4.893341287726116e-11
upper-n80,15,5.963291415225767,1.4567902439921454e-11,8.204037449388579e-11,0.8748731859682283,2.841038515555283e-11
upper-n80,16,5.911792284322865,9.724665517296671e-12,5.263256497300972e-11,0.862592883159931,1.7073231717290582e-11
upper-n80,17,5.859934520952759,6.63313848292546e-12,3.465383535683486e-11,0.85035412434729,1.0599521260701295e-11
upper-n80,18,5.807770666421874,4.6118664442929e-12,2.3340218646694666e-11,0.8381720376675836,6.7761352084971804e-12
upper-n80,19,5.755343036987376,3.2529534621517087e-12,1.5991985513608142e-11,0.8260588815202642,4.470424030955655e-12
upper-n80,20,5.702686177758678,2.3219204337010524e-12,1.113953373987897e-11,0.814024720117484,3.028244321967577e-12
upper-n80,21,5.649828631390994,1.6748824549495112e-12,7.841283178322556e-12,0.8020779114754751,2.1059820554114594e-12
upper-n80,22,5.596794236469882,1.2077006061872453e-12,5.5777604757167865e-12,0.7902254664784375,1.4999113062685865e-12
upper-n80,23,5.543603096511864,8.699707620962727e-13,3.931743819407529e-12,0.778473317520233,1.1297629498585593e-12
upper-n80,24,5.490272314018179,6.246114736541131e-13,2.8328450696335494e-12,0.7668265225643713,8.606448886894214e-13
upper-n80,25,5.436816554127745,4.5430326167661406e-13,2.098543561146471e-12,0.75528942230884,6.618039449790558e-13
upper-n80,26,5.383248482788882,3.275157922644212e-13,1.564415263999308e-12,0.7438657627830305,4.936051567483446e-13
upper-n80,27,5.329579111231651,2.3936408410918375e-13,1.1411982470121984e-12,0.7325587921104949,4.339861803259737e-13
upper-n80,28,5.275818069571397,1.8207657603852567e-13,8.184564137536654e-13,0.7213713377210625,3.480549182199866e-13
upper-n80,29,5.221973826174512,1.3944401189291966e-13,5.621059173677168e-13,0.7103058685950547,3.850253449400043e-13
upper-n80,30,5.168053865058533,1.056932319443149e-13,4.898303984646191e-13,0.6993645459283037,3.2662761384472105e-13
upper-n80,31,5.114064830490669,7.72715225139109e-14,3.4705571749782393e-13,0.6885492647486499,3.658184866139891e-13
upper-n80,32,5.060012645703926,5.362377208939506e-14,2.2470914018413168e-13,0.6778616884015821,3.814726312612038e-13
upper-n80,33,5.005902611008694,7.049916206369744e-14,8.704148513061227e-14,0.6673032773653924,4.709566070459914e-13
upper-n80,34,4.951739485364151,9.237055564881302e-14,2.930988785010413e-14,0.6568753135258264,5.454525719983394e-13
upper-n80,35,4.897527554567185,1.3455903058456897e-13,1.7386092565629951e-13,0.6465789207860086,6.541434061091422e-13
upper-n80,36,4.843270688532299,1.857403120197887e-13,4.489741911584133e-13,0.6364150827012303,8.169021015191902e-13
upper-n80,37,4.788972389614923,2.4702462297909733e-13,9.043876758596525e-13,0.626384657681458,1.0342837697407958e-12
upper-n80,38,4.734635833530327,2.881028748902281e-13,1.0347278589506459e-12,0.6164883921949362,1.1388667786604856e-12
upper-n80,39,4.680263904110156,3.5149660959632456e-13,1.2936318682932324e-12,0.6067269323187365,1.3683498778505054e-12
upper-n80,40,4.625859222896703,4.319877788816484e-13,1.7290613385512188e-12,0.5971008339171497,1.7912338279302276e-12
upper-n80,41,4.571424174384678,5.022648963404208e-13,2.0234924846818103e-12,0.5876105716732497,2.0954349366775205e-12
upper-n80,42,4.5169609275695155,5.914158052178209e-13,2.5075497234183786e-12,0.5782565471579352,2.581490576858414e-12
upper-n80,43,4.4624714543412,6.800116025829084e-13,2.893685291383008e-12,0.5690390960893966,2.9772850851372823e-12
upper-n80,44,4.407957545166235,7.803757640090225e-13,3.2072122735371522e-12,0.55995849490565,3.2944758032726895e-12
upper-n80,45,4.353420822422641,9.026113190202523e-13,3.721023489333675e-12,0.5510149667542151,3.831379657981415e-12
upper-n80,46,4.298862751689826,1.0481615575486103e-12,4.285016785843254e-12,0.5422086869854971,4.392486374626969e-12
upper-n80,47,4.244284651243766,1.1916023723301805e-12,4.923172980397794e-12,0.5335397882195831,5.0532911188838625e-12
upper-n80,48,4.189687699965755,1.3633538742396922e-12,5.576872297297086e-12,0.5250083650499635,5.729194896275658e-12
upper-n80,49,4.135072943838386,1.5429879596240426e-12,6.323608303659967e-12,0.5166144784337514,6.470490809817875e-12
upper-n80,50,4.0804413011737966,1.7477130853649214e-12,6.999290036446837e-12,0.5083581598147894,7.1486150332589204e-12
upper-n80,51,4.025793566695584,1.970645868709653e-12,7.956524328278647e-12,0.5002394150171556,8.14381895253291e-12
upper-n80,52,3.9711304145762942,2.218891737015838e-12,9.027223413227148e-12,0.49225822794676954,9.222178576351325e-12
upper-n80,53,3.9164524005162225,2.470357252093436e-12,9.89497372927417e-12,0.4844145641305928,1.0088596624768797e-11
upper-n80,54,3.861759962936143,2.7604585284279892e-12,1.1003198352455001e-11,0.47670837412498174,1.1187051285332927e-11
upper-n80,55,3.8070534233458915,3.0729863098599708e-12,1.2347234346066216e-11,0.46913959682478334,1.255040515957262e-11
upper-n80,56,3.752332985942395,3.393840763976641e-12,1.3473444582245975e-11,0.461708162700855,1.3681500377060729e-11
upper-n80,57,3.6975987364844154,3.747335775017291e-12,1.5015544363450317e-11,0.45441399699793705,1.5213497128740983e-11
upper-n80,58,3.642850640487013,4.154454558147336e-12,1.687272543904328e-11,0.44725702292977404,1.708588825977131e-11
upper-n80,59,3.588088540776412,4.482414439621607e-12,1.7639223415244487e-11,0.4402371649064842,1.783129199850464e-11
upper-n80,60,3.533312154445746,4.892308780313215e-12,1.9268586726184367e-11,0.4333543518355132,1.9451329436037668e-11
upper-n80,61,3.478521069254127,5.30298027712206e-12,2.089017847595187e-11,0.4266085205538191,2.1080137635465235e-11
upper-n80,62,3.423714739516002,5.672684544322237e-12,2.188893510890466e-11,0.4199996194383241,2.209321614543569e-11
upper-n80,63,3.3688924815351116,6.104783345506348e-12,2.3576696150939824e-11,0.4135276122684559,2.3744561872263148e-11
upper-n80,64,3.314053468648143,6.7701400041642046e-12,2.524513931234651e-11,0.4071924824225737,2.540490040559007e-11
upper-n80,65,3.2591967259579633,7.58459961502922e-12,2.6892710280890242e-11,0.4009942374981406,2.704614310289344e-11
upper-n80,66,3.204321124856107,8.503420190208999e-12,2.7938318325482214e-11,0.3949329144744326,2.8065771928709182e-11
upper-n80,67,3.149425377459999,9.406697643044026e-12,2.96032087732101e-11,0.3890085855508613,2.970312884542636e-11
upper-n80,68,3.094508031123717,1.0323297772174556e-11,3.161781947369491e-11,0.38322136482778074,3.168487694438227e-11
upper-n80,69,3.0395674632237464,1.1366019236902503e-11,3.274536197750422e-11,0.3775714160220947,3.280453686471674e-11
upper-n80,70,2.984601876475462,1.2382095349039446e-11,3.4473979226845586e-11,0.372058961453702,3.448175078801796e-11
upper-n80,71,2.9296092951049206,1.3433698597964394e-11,3.60087515360874e-11,0.3666842925909084,3.597921960363237e-11
upper-n80,72,2.8745875622877253,1.446931463533474e-11,3.779643265033883e-11,0.36144778249038667,3.771716272638059e-11
upper-n80,73,2.8195343393769163,1.5575096767861396e-11,3.8655967316003625e-11,0.3563499005504545,3.856026609128094e-11
upper-n80,74,2.764447107581093,1.6614265518910543e-11,3.991740271658273e-11,0.3513912300726299,3.975997309169088e-11
upper-n80,75,2.709323172929862,1.7617018954751984e-11,4.1206371648172535e-11,0.3465724892420301,4.098943406916078e-11
upper-n80,76,2.654159675585896,1.857536346960842e-11,4.257527663753535e-11,0.34189455625659276,4.232481032317992e-11
upper-n80,77,2.5989536048435986,1.9546142482340656e-11,4.258482455554713e-11,0.3373584995016948,4.225686467407286e-11
upper-n80,78,2.5437018215089813,2.035172030900867e-11,4.2947867484599556e-11,0.33296561385466517,4.256839325478268e-11
upper-n80,79,2.4884010898033506,2.1034729513758066e-11,4.32809343919871e-11,0.3287174644505392,4.288325250456637e-11
upper-n80,80,2.4330481214989983,2.1594281918169145e-11,4.260458652538546e-11,0.3246159395240498,4.218136950839835e-11
upper-n80,81,2.377639635708582,2.1943336037111294e-11,4.234701478367242e-11,0.32066331431035905,4.191624825011786e-11
upper-n80,82,2.3221724386483573,2.2085444584263314e-11,4.148148491367465e-11,0.3168623284303295,4.109446116729032e-11
upper-n80,83,2.266643528823976,2.1974422281800798e-11,3.9193981393736976e-11,0.31321627972257376,3.891553745916099e-11
upper-n80,84,2.2110502344993526,2.1522339466173435e-11,3.6784797430300387e-11,0.30972913815344516,3.67006425250338e-11
upper-n80,85,2.1553903920650748,2.05755412707731e-11,3.405498105735205e-11,0.3064056842399133,3.433553441567483e-11
upper-n80,86,2.099662576088603,1.9250379068580514e-11,2.9213742536171594e-11,0.30325167738676057,3.0067281997503414e-11
upper-n80,87,2.0438663944677398,1.724309584005823e-11,2.3584245667507275e-11,0.30027406069579965,2.5362156819142e-11
upper-n80,88,1.988002865269549,1.4432899320127035e-11,1.6705303806929805e-11,0.2974812101586103,1.9914625504213745e-11
upper-n80,89,1.9320748955258622,1.0655476501142402e-11,7.335021479093484e-12,0.2948832376749251,1.2746470545721422e-11
upper-n80,90,1.876087886395123,5.487166276907374e-12,4.7266635050391415e-12,0.2924923590249509,9.445444426603444e-12
upper-n80,91,1.8200504934503672,6.535383345607215e-12,1.9903634296269956e-11,0.2903233396389885,1.1997292048704367e-11
upper-n80,92,1.7639755748991066,1.1894318863170383e-11,4.0774827958500737e-11,0.2883940325411376,1.9717005805830468e-11
upper-n80,93,1.7078813633114267,2.3383073255445197e-11,6.836398114273834e-11,0.28672602381206413,3.638411794071317e-11
upper-n80,94,1.6517928962476605,4.0173198101456364e-11,1.0462275490397133e-10,0.285345400683861,5.672096126119186e-11
upper-n80,95,1.5957437353236854,6.248601636116291e-11,1.53221435539308e-10,0.2842836549406999,8.233158599324497e-11
upper-n80,96,1.539777987639886,9.171419179665463e-11,2.1714585685117527e-10,0.2835787282128243,1.1357548235224613e-10
upper-n80,97,1.4839526124515126,1.2927614534419263e-10,3.00542923881153e-10,0.2832761940651099,1.5140799725088527e-10
upper-n80,98,1.42833994247957,1.7603785096298452e-10,4.057580937910643e-10,0.2834305521791895,1.9469736933785953e-10
upper-n80,99,1.3730302664232445,2.319433534125892e-10,5.335045738519284e-10,0.2841065802554499,2.409328292429791e-10
upper-n80,100,1.3181342035755668,2.950262256717906e-10,6.797720164541943e-10,0.28538064862265894,2.843698609922285e-10
upper-n80,101,1.2637844592554752,3.60913965380405e-10,8.338728596513079e-10,0.28734185330881723,3.1578528680853424e-10
upper-n80,102,1.2101364060398097,4.227294070346943e-10,9.751432994420384e-10,0.29009277367744013,3.2130231808480403e-10
upper-n80,103,1.1573668425236088,4.72583749910882e-10,1.074362820929764e-09,0.2937496267328519,2.853212111020298e-10
upper-n80,104,1.105670316995871,5.039773043336027e-10,1.0984122500445892e-09,0.29844159472303816,1.952809025596025e-10
upper-n80,105,1.0552526510410714,5.158127258653167e-10,1.0201376410279295e-09,0.3043091680095168,4.8031023602845835e-11
upper-n80,106,1.006321795197692,5.142477554898051e-10,8.31821500568708e-10,0.31150147817205415,1.4367973477646956e-10
upper-n80,107,0.9590768244108153,5.118945267668096e-10,5.5309223867539e-10,0.32017277196944494,3.51809248400059e-10
upper-n80,108,0.913696527713713,5.2234838676668e-10,2.2975110702816437e-10,0.33047833441430763,5.408784531368838e-10
upper-n80,109,0.8703293834070523,5.541598291358696e-10,7.923972589196637e-11,0.34257023449195856,6.808231756139094e-10
upper-n80,110,0.8290865358534741,6.071934066653739e-10,3.208087129280557e-10,0.3565931947696325,7.5877681915415e-10
upper-n80,111,0.7900387249677532,6.744818037418554e-10,4.610312132058425e-10,0.3726806944240414,7.808582669355246e-10
upper-n80,112,0.7532172221761754,7.471547824877689e-10,4.885059023962413e-10,0.39095118005422475,7.65199348329304e-10
upper-n80,113,0.7186180414977777,8.192855283084555e-10,4.080402682404838e-10,0.41150406984378446,7.310103633528797e-10
upper-n80,114,0.6862082603210748,8.897247383288232e-10,2.31324959187873e-10,0.4344151503633725,6.901881288712275e-10
upper-n80,115,0.6559332414982587,9.612577400730515e-10,3.049216434902746e-11,0.4597309872534563,6.448849232398857e-10
upper-n80,116,0.6277237807044487,1.0381762116651316e-09,3.7056879786945274e-10,0.4874620726913018,5.894200683087547e-10
upper-n80,117,0.6015025456106932,1.124272674957183e-09,7.872953400323013e-10,0.5175745789950252,6.08999739526439e-10
upper-n80,118,0.5771894966604036,1.2216352374139205e-09,1.2838536900261488e-09,0.5499807566893465,6.677473018967817e-10
upper-n80,119,0.5547062180114286,1.3300707202290596e-09,1.8675704316351016e-09,0.5845282022265094,7.308629257352095e-10
upper-n80,120,0.5339792296232942,1.4471099873958337e-09,2.5483276600013482e-09,0.6209884338658234,7.965137438503689e-10
upper-n80,121,0.5149424144647351,1.5682060094945882e-09,3.3373815933046558e-09,0.6590454675410587,8.618696867301878e-10
upper-n80,122,0.49753870398681566,1.6869932117913322e-09,4.245049978202076e-09,0.6982853874917593,9.232820064042357e-10
upper-n80,123,0.4817211435087952,2.074638683069452e-09,5.279149006831574e-09,0.7381882552715591,9.759126839981036e-10
upper-n80,124,0.4674534238649136,2.4686486188585377e-09,6.442681388385552e-09,0.7781240685633843,1.2730244636216526e-09
upper-n80,125,0.4547099274248174,2.8087498993301097e-09,7.732559037521014e-09,0.8173548081842449,1.7227429482957746e-09
upper-n80,126,0.44347530246742617,3.053611807857237e-09,9.138777401496156e-09,0.8550447965817738,2.1902248903415966e-09
upper-n80,127,0.43374355591829916,3.1609448392089234e-09,1.0645179848722819e-08,0.89028148783222,2.6506886685595532e-09
upper-n80,128,0.42551664822682655,3.0942495232721967e-09,1.2235344071243048e-08,0.9221082352677391,3.075330323731862e-09
upper-n80,129,0.4188025954638543,2.8291038400851676e-09,1.390847592652733e-08,0.9495693572270434,3.4363270007276014e-09
upper-n80,130,0.4136131416182912,2.3585371433654245e-09,1.573505725716018e-08,0.9717658508981026,3.72327391140459e-09
upper-n80,131,0.40996115920063125,1.6922234724603413e-09,1.8091669717890113e-08,0.9879175248913484,4.0037573256768155e-09
upper-n80,132,0.4087172016500107,2.527333897717199e-11,3.748653609747521e-10,0.9935224336548553,7.725309281170212e-11
upper-n80,133,0.4072951099458641,2.5779378631796135e-13,2.528310893978869e-12,0.9999954234870877,3.9862557699166246e-12
