kappa,xmin,xmax,period,stable
10.18894354498762,1.103839241411232,1.2044664973113672,0.7531485602343561,true
10.18855197825979,1.099251679908073,1.2092887992115295,0.7531759156913885,true
10.187930098604044,1.0926982817273267,1.216214983246732,0.7532193647878053,true
10.18691556692592,1.083359902202178,1.2261612372605921,0.7532902562739799,true
10.185289558662502,1.0706515764984015,1.2398447573721345,0.7534038994309641,true
10.182628883614258,1.053453181630841,1.25863913231754,0.7535899197218174,true
10.17820195912914,1.0303667960510574,1.2843812888440411,0.7538996012192787,true
10.170762740642049,0.999758389493455,1.319452592363011,0.7544204962731708,true
10.15845797968428,0.9604860508220623,1.3661046543147934,0.7552834318228406,true
10.143990721640131,0.9237810956531647,1.411489158446075,0.7563001891273567,true
10.127754030587885,0.8895826039392104,1.4554410367786481,0.7574440985675619,true
10.11006365700033,0.8577029891264955,1.4979454286224418,0.7586938027212105,true
10.091175614228193,0.8279183214130114,1.5390540477090011,0.7600320207893156,true
10.071294867408154,0.8000086982762297,1.5789169634016333,0.7614449497956333,true
10.05058495682817,0.7738134840363267,1.6175797066475215,0.7629216049576657,true
10.02917665202592,0.7491632262545965,1.655115576628634,0.7644532280410824,true
10.00717507562479,0.7258987007250177,1.691608884345778,0.7660328012165509,true
9.984665328577476,0.703860870102077,1.727138210571842,0.767654663746934,true
9.961716846024583,0.682968484152978,1.7618856506897937,0.7693142155537537,true
9.93838674383801,0.6631198129655111,1.795822503904558,0.7710076897397259,true
9.914722386593446,0.6442254022409147,1.829004080062692,0.7727319782276977,true
9.890763363347574,0.6261909989541683,1.8614832160158912,0.7744844977520892,true
9.8665430152983,0.6089367204844256,1.893307489419128,0.7762630863521904,true
9.84208962435331,0.5924268480462078,1.9245197614866358,0.7780659229232412,true
9.817427344315824,0.5766065178672489,1.955289306561378,0.7798914642526462,true
9.792576935743776,0.5614267161475578,1.9855365738161557,0.7817383953814476,true
9.767556350152471,0.5468435029676616,2.0152874716420834,0.7836055901823376,true
9.742381197839702,0.5327866198524885,2.0445704900993844,0.7854920798228532,true
9.717065125190143,0.5192453066109031,2.073411531372084,0.7873970273566886,true
9.691620121076557,0.5061938792832187,2.101834197942942,0.7893197071110962,true
9.666056767336153,0.49360305424625533,2.1298600451709904,0.7912594878540635,true
9.640384444834396,0.4814461513062824,2.157607619853775,0.7932158189608142,true
9.614611504023207,0.469698794111664,2.185063422022428,0.7951882189761604,true
9.588745406931345,0.4583206473207088,2.2121861662690976,0.797176266103049,true
9.56279284602597,0.4472948174882431,2.2389910816881002,0.7991795902493251,true
9.536759844237153,0.4366176491679685,2.265492223672392,0.8011978663426048,true
9.510651839552681,0.4262717332312954,2.2917025888883593,0.8032308086830499,true
9.484473756904796,0.41624096533642146,2.317634216823841,0.8052781661503123,true
9.458230069535551,0.40651041685356365,2.3432982796705186,0.8073397181171382,true
9.431924851607292,0.39706622131890174,2.3687051620557873,0.8094152709505272,true
9.405561823493334,0.3878803010006958,2.394018339236304,0.8115046550037986,true
9.379144390920361,0.378942863485015,2.4191324790518918,0.813607722020643,true
9.352675678924047,0.370256417390227,2.444025088721681,0.8157243428865222,true
9.326158561410526,0.3618104504655227,2.468704001677036,0.8178544056740952,true
9.299595686980267,0.353595110755252,2.493176553238143,0.819997813938579,true
9.27298950156054,0.34560115110282863,2.517449621013431,0.8221544852263559,true
9.246342268302813,0.3378198794029477,2.541529661280408,0.8243243497662177,true
9.219656085127879,0.3302431139034505,2.5654227418134945,0.8265073493176025,true
9.192932900240995,0.3228442183677251,2.589134571562884,0.8287034361541757,true
9.166174525889584,0.31562992283356167,2.6126705275379485,0.8309125721645635,true
9.139382650594605,0.30859900838941107,2.636132658431782,0.8331347280547471,true
9.112558850052368,0.3017449617319159,2.6595512852177725,0.8353698826389583,true
9.085704596874853,0.295061612890493,2.682816563636082,0.837618022207859,true
9.058821269312546,0.2885431107642951,2.705932759716268,0.8398791399643754,true
9.03191015908357,0.28218390082724437,2.728903911019802,0.8421532355189532,true
9.004972478415757,0.2759787047737596,2.751733841930567,0.8444403144370694,true
8.978009366394017,0.2699168350391902,2.774426177669719,0.846740387832929,true
8.95102189469284,0.26398444902155366,2.796984357159591,0.8490534720039397,true
8.924011072763552,0.25819238321369536,2.819411644849097,0.8513795881014055,true
8.89697785253685,0.2525362832841368,2.8417111415994443,0.8537187618333666,true
8.86992313269358,0.2470119918971391,2.8638857947189473,0.8560710231961093,true
8.84284776255007,0.24161553657866525,2.8859384072253373,0.8584364062312181,true
8.815752545598745,0.2363431185178143,2.90796752060777,0.8608149488055232,true
8.7886382427398,0.2311911022178718,2.9300376001217088,0.8632066924115372,true
8.761505575235507,0.2261560059201243,2.9520012700846334,0.865611681986295,true
8.734355227415026,0.22123421152276856,2.9738608497641,0.8680299657467698,true
8.707187849154431,0.21640603264165886,2.9956185516773752,0.8704615950402035,true
8.680004058153836,0.21168574342217492,3.017276487420176,0.872906624207931,true
8.6528044420311,0.2070703843777086,3.0388366730912924,0.8753651104613964,true
8.62558956024945,0.20255711121175501,3.0603010343466703,0.877837113769228,true
8.598359945894469,0.1981431886774636,3.0816714111129873,0.8803226967543405,true
8.571116107314298,0.19382598484898578,3.1029495619883756,0.8828219246001792,true
8.543858529635374,0.18960296577164445,3.1241371683546473,0.8853348649652527,true
8.516587676164875,0.18547169046081022,3.1452358382243055,0.8878615879052745,true
8.489303989689734,0.18142980622238397,3.1662471098420673,0.890402165802214,true
8.462007893681278,0.17747504427000346,3.1871724550603076,0.8929566732997029,true
8.434699793413493,0.17359156194268852,3.2081651438113745,0.8955251872442517,true
8.407380077002234,0.16979116004776995,3.2292193206955684,0.898107786631805,true
8.380049116371945,0.1660720209478471,3.2501997128509563,0.9007045525592021,true
8.352707268155848,0.1624321632154487,3.2711075840927277,0.9033155681801621,true
8.325354874534995,0.15886967118615838,3.291944146049307,0.9059409186654444,true
8.29799226402105,0.15538269195501067,3.3127105604637794,0.9085806911668425,true
8.27061975218729,0.15196943254631282,3.333407941363015,0.9112349747847668,true
8.243237642351813,0.14862815724497233,3.35403735710308,0.9139038605390967,true
8.21584622621668,0.14535718507813386,3.374599832300104,0.9165874413431342,true
8.188445784466312,0.14215488743707747,3.395096349653651,0.9192858119803733,true
8.161036587328216,0.1390181203818422,3.4155278516702663,0.921999069083934,true
8.133618895098845,0.13593749646738612,3.4358952422936686,0.9247273111184666,true
8.106192958637132,0.1329213639783457,3.456199388447614,0.9274706383643564,true
8.07875901982806,0.12996827371155303,3.4764411214972686,0.9302291529040916,true
8.051317312018414,0.12707681881519714,3.496621238634205,0.9330029586106507,true
8.02386806042666,0.12424563308247484,3.5167405041897633,0.9357921611377722,true
7.996411482528815,0.12147338933261316,3.5370619052818673,0.9385968679120297,true
7.968947788421919,0.1187587978739532,3.557411279745048,0.9414171881265532,true
7.941477181166668,0.11610060504403129,3.5777103255786713,0.9442532327363498,true
7.9139998571106265,0.11349759182206173,3.597959725793954,0.947105114455103,true
7.8865160061932995,0.11094857250947864,3.618160136145079,0.9499729477533855,true
7.859025812234294,0.10845239347453198,3.63831218607913,0.9528568488582153,true
7.831529453205641,0.10600421821889064,3.6584164796400453,0.9557569357538545,true
7.804027101489353,0.10360196651092725,3.678473596329754,0.9586733281838373,true
7.776518924121125,0.10124960795450154,3.6984840919285284,0.9616061476541278,true
7.749005083021074,0.09894609812645985,3.7184484992771827,0.964555517437375,true
7.721485735212346,0.09669041932657528,3.7383673290231947,0.9675215625782085,true
7.693961033028319,0.0944815796375668,3.758241070332827,0.9705044098995367,true
7.666431124309129,0.09231861202754603,3.778070191571152,0.9735041880097977,true
7.638896152588158,0.09020057349258766,3.797855140951743,0.9765210273111278,true
7.611356257269084,0.08812654423726984,3.81759634715776,0.9795550600084154,true
7.583811573794084,0.0860956268911634,3.8372942199360187,0.9826064201192103,true
7.556262233803677,0.08410694575939247,3.856949150665381,0.9856752434844385,true
7.528708365288736,0.08215964610546395,3.8765693687544585,0.9887616677799335,true
7.501150092735085,0.08025289346473391,3.896546122114465,0.9918658325287124,true
7.473587537261149,0.07838093885817314,3.9164899345892024,0.9949878791140162,true
7.446020816749011,0.0765466452135742,3.9364011765280775,0.9981279507930628,true
7.418450045969287,0.0747507729129197,3.9562802022416506,1.001286192711505,true
7.3908753367001365,0.07299255576927004,3.976127350425453,1.0044627519185891,true
7.363296797840745,0.07127124493758238,3.9959429445660724,1.0076577773829583,true
7.3357145355195925,0.0695861083821238,4.015727293330928,1.0108714200091449,true
7.308128653197761,0.06793643036525422,4.035480690941888,1.014103832654662,true
7.280539251767589,0.06632151095648797,4.055203417534342,1.0173551701477719,true
7.252946429646889,0.0647406655609356,4.0748957395017555,1.0206255893058311,true
7.225350282868981,0.06319322446616678,4.094557909826896,1.0239152489542729,true
7.197750905168752,0.0616785324066612,4.114190168400182,1.0272243099461718,true
7.170148388064953,0.06019594814502521,4.133792742325849,1.0305529351824023,true
7.142542820938938,0.058744844069195716,4.153365846216654,1.033901289632389,true
7.114934291109996,0.05732455850763534,4.172909682477379,1.0372695403554129,true
7.087322883907493,0.055929985428236996,4.192424441578155,1.0406578565225186,true
7.059708682739939,0.05456529318826371,4.211910302317629,1.0440664094389605,true
7.032091769161167,0.053229899487964125,4.231367432076778,1.0474953725672185,true
7.004472222933756,0.051923233944004145,4.250795987063783,1.0509449215505793,true
6.9768501220898225,0.05064473776824082,4.270281309311795,1.0544152342372644,true
6.9492255429893275,0.049393863458095454,4.290140951865805,1.0579064907051086,true
6.921598560375999,0.04817007449802739,4.30998217557216,1.0614188732867935,true
6.893969247431003,0.04697284507163854,4.329805149087262,1.0649525665956234,true
6.866337675824454,0.04580165978395102,4.349610030640774,1.0685077575518607,true
6.838703915764874,0.044656013393444646,4.369396968213376,1.0720846354095908,true
6.811068036046699,0.04353541055342898,4.389166099708089,1.0756833917841513,true
6.783430104095907,0.042439365562383514,4.4089175531151605,1.0793042206800907,true
6.75579018601388,0.04136740212287796,4.428651446671103,1.0829473185196885,true
6.728148346619555,0.04031905310873195,4.448367889011978,1.0866128841720284,true
6.700504649489954,0.039293860340087035,4.468066979321176,1.0903011189825977,true
6.67285915699916,0.03828847918194305,4.487748807472127,1.0940122268034713,true
6.645211930355818,0.037305292719764994,4.507413454165949,1.097746414024023,true
6.617563029639208,0.036344085993135045,4.527060991064491,1.1015038896022136,true
6.58991251383397,0.03540443021344352,4.546691480918796,1.1052848650964253,true
6.56226044086353,0.03448590460120327,4.566304977693405,1.109089554697875,true
6.5346068676222755,0.03358809620170327,4.585901526686391,1.1129181752635713,true
6.5069518500065575,0.032710599706598106,4.605481164645735,1.1167709463498687,true
6.479295442944538,0.03185301728121997,4.625043919881876,1.1206480902465823,true
6.451637700424954,0.03101495839738995,4.644589812376702,1.1245498320116794,true
6.42397867552483,0.030196039671515604,4.664118853889287,1.1284763995065583,true
6.396318420436188,0.02939588470777615,4.683631048058396,1.1324280234319295,true
6.368656986491797,0.028614123946208932,4.703188586121804,1.1364049373642655,true
6.340994424189992,0.027850394515505413,4.723256098736302,1.1404073777928716,true
6.313330783218605,0.027104340090347456,4.7433175822381175,1.144435584157552,true
6.285666112478052,0.026375610753110776,4.76337306890141,1.1484897988868923,true
6.258000460103584,0.02566386285977804,4.783422582673391,1.1525702674371545,true
6.230333873486763,0.02496856229900636,4.803466139228972,1.1566772383318016,true
6.202666399296172,0.02428786571357331,4.823503746022657,1.160810963201648,true
6.1749980834974005,0.023623258202934802,4.843535402337762,1.1649716968256607,true
6.14732897137232,0.022974416652003272,4.86356109933295,1.1691596971723819,true
6.1196591075376885,0.02234102367572428,4.88358082008641,1.1733752254420295,true
6.091988535963101,0.021722767506475445,4.903594539637552,1.177618546109248,true
6.064317299988311,0.02111934188470835,4.923602225026395,1.1818899269665255,true
6.036645442339942,0.02053044595271456,4.9436038353307445,1.1861896391682922,true
6.00897300514762,0.019955784151407398,4.96359932170116,1.1905179572757043,true
5.981300029959538,0.0193950661200102,4.983588627393857,1.1948751593021232,true
5.953626557757468,0.018848006598549683,5.003571687801575,1.1992615267592943,true
5.925952628971257,0.018314325333053022,5.023548430482465,1.2036773447042508,true
5.898278283492805,0.017793746983356843,5.04351877518702,1.2081229017869242,true
5.8706035606895455,0.017286001033432405,5.063482633883163,1.2125984902984976,true
5.842928499417461,0.01679082170413948,5.083439910779532,1.2171044062205079,true
5.8152531380336185,0.016307947868326563,5.10339050234687,1.2216409492746854,true
5.787577514408269,0.015837122968190794,5.123334297337752,1.2262084229735732,true
5.7599016659365025,0.015378094934821675,5.143271176804524,1.2308071346719167,true
5.732225629549486,0.014930616109851278,5.1632010141155265,1.2354373956188385,true
5.704549441725285,0.01449444316913684,5.183123674969609,1.2400995210108152,true
5.676873138499287,0.014068718578499522,5.203486621286555,1.2447938300454635,true
5.64919675547424,0.013653472556929521,5.224121365238249,1.2495206459761488,true
5.621520327829906,0.013248887948004707,5.244760764356693,1.2542802961674375,true
5.593843890332343,0.01285473578847532,5.265404711541729,1.2590731121513823,true
5.566167477342839,0.01247079115127683,5.286053090697584,1.2638994296846884,true
5.538491122826482,0.012096833079258455,5.30670577668467,1.2687595888067449,true
5.5108148603603855,0.011732644520496658,5.327362635268655,1.2736539338985433,true
5.48313872314159,0.011378012265136735,5.348023523066914,1.2785828137425144,true
5.455462743994615,0.011032726883712377,5.368688287492082,1.2835465815832667,true
5.427786955378708,0.01069658266688814,5.389356766692906,1.2885455951892757,true
5.4001113893947545,0.01036937756657859,5.41002878949209,1.2935802169155086,true
5.372436077791895,0.010050913138392584,5.430704175321296,1.2986508137670287,true
5.344761051973818,0.009740994485360444,5.451382734152949,1.303757757463563,true
5.317086343004761,0.009439430202893657,5.472064266429092,1.3089014245050958,true
5.289411981615201,0.009146032324940354,5.492748562986802,1.3140821962384426,true
5.261737998207257,0.008860616271288377,5.513435404980435,1.3193004589248902,true
5.234064422859797,0.008583000795979802,5.534124563800279,1.324556603808863,true
5.206391285333247,0.008313007936795536,5.55481580098768,1.329851027187676,true
5.17871861507412,0.008050462965773447,5.575508868146365,1.3351841304823568,true
5.151046441219248,0.007795194340722351,5.596203506849886,1.3405563203095898,true
5.1233747925997335,0.0075470336576972915,5.616899448544994,1.3459680085547765,true
5.095703697744609,0.007305815604401425,5.63759641445075,1.3514196124462476,true
5.068033184884208,0.007071377914482587,5.658294115453117,1.356911554630629,true
5.040363281953254,0.0068435613226907,5.678992251994985,1.36244426324941,true
5.012694016593653,0.006622209520867567,5.699690513961171,1.3680181720167024,true
4.985025416157001,0.006406914325495778,5.7203885805583505,1.3736337202982385,true
4.957357507706788,0.006197689278261258,5.741086120189494,1.3792913531916096,true
4.929690318020316,0.005994504231836689,5.762145868271152,1.3849915216077837,true
4.90202387359031,0.005797213041852856,5.783735490478914,1.3907346823539126,true
4.874358200626224,0.005605672351154879,5.805337289671982,1.3965212982174517,true
4.846693325055237,0.005419741549469463,5.826950924864601,1.4023518380516287,true
4.8190292725229344,0.0052392827337189056,5.848576040662852,1.4082267768622596,true
4.791366068393668,0.005064160668957312,5.870212267005073,1.4141465958959607,true
4.763703737750581,0.004894242749907429,5.891859218892695,1.420111782729768,true
4.736042305395303,0.004729398963077335,5.9135164961109075,1.426122831362178,true
4.708381795847293,0.0045695018494349956,5.935183682938859,1.4321802423056589,true
4.680722233342826,0.004414426467622208,5.95686034784866,1.4382845226806256,true
4.6530636418336195,0.004264050357688004,5.978546043192738,1.4444361863109307,true
4.625406044985069,0.004118253505323875,6.000240304878843,1.4506357538208654,true
4.597749466174106,0.003976918306582424,6.02194265203215,1.4568837527337246,true
4.570093928486644,0.0038399295330630843,6.043652586643709,1.463180717571937,true
4.5424394547146045,0.00370717429754901,6.065369593204467,1.469527189958781,true
4.514786067352509,0.0035785420200784464,6.087093138324216,1.4759237187217344,true
4.48713378859362,0.003453924394437094,6.108822670334464,1.4823708599974434,true
4.459482640325603,0.0033332153550563143,6.130557618874456,1.4888691773383573,true
4.431832644125711,0.003216311044303542,6.152297394459431,1.4954192418210464,true
4.40418382125544,0.003103109780152765,6.174041388029948,1.5020216321562005,true
4.376536192654662,0.0029935120242216744,6.195788970481413,1.508676934800353,true
4.348889778935186,0.0028874203501642144,6.217539492172565,1.515385744069329,true
4.321244600373745,0.002784739412407452,6.2392922824116965,1.5221486622534277,true
4.293600676904354,0.00268537591522141,6.2610466489194545,1.5289662997343751,true
4.265958028110038,0.0025892385821126734,6.282801877266697,1.535839275104023,true
4.238316673213868,0.0024962381255314707,6.3045572302860675,1.5427682152848263,true
4.210676631069297,0.002406287216883461,6.326311947455762,1.5497537556520962,true
4.18303792014974,0.0023193004568379232,6.348065244253729,1.5567965401580186,true
4.1554005585373766,0.0022351943459239425,6.3698163114806965,1.5638972214574507,true
4.127764563911114,0.002153887255407327,6.391564314550132,1.5710564610354765,true
4.100129953533686,0.0020752993984412948,6.4133083927430965,1.5782749293367124,true
4.072496744237829,0.001999352801483976,6.435948095212995,1.585553305896356,true
4.044864952411489,0.0019259712759775033,6.458792796541679,1.592892279472918,true
4.017234593982009,0.001855080390281971,6.481645329215104,1.6002925481826633,true
3.9896056843992334,0.0017866074418600982,6.504504666567363,1.6077548196356657,true
3.9619782386174816,0.0017204814297072154,6.527369744788589,1.6152798110734747,true
3.9343522710763095,0.0016566330270227415,6.550239461722063,1.6228682495083064,true
3.906727795680013,0.0015949945541188914,6.5731126756040865,1.6305208718637176,true
3.879104825775787,0.0015354999515635583,6.595988203743114,1.6382384251166668,true
3.851483374130468,0.0014780847535541244,6.618864821134464,1.6460216664408804,true
3.8238634529057856,0.0014226860615195352,6.6417412590069675,1.653871363351426,true
3.7962450736320346,0.0013692425179485759,6.6646162032971645,1.661788293850367,true
3.7686282471800774,0.0013176942804424905,6.68748829304685,1.6697732465733532,true
3.7410129837315873,0.0012679829959902705,6.710356118719216,1.6778270209370194,true
3.7133992927474297,0.0012200517754658638,6.733218220428571,1.6859504272869807,true
3.685787182934081,0.0011738451683462946,6.756073086078367,1.6941442870462644,true
3.658176662207967,0.0011293091376506628,6.77891914940173,1.7024094328639134,true
3.630567737657616,0.001086391035099754,6.801754787898555,1.710746708763544,true
3.6029604155035018,0.0010450395764967815,6.8245783206625745,1.719156970291562,true
3.5753547010554403,0.0010052048173301432,6.847388006091455,1.7276410846647052,true
3.5477505986674176,0.0009668381285990797,6.870182039472558,1.736199930916581,true
3.5201481116897066,0.000929892172863808,6.8929585504364,1.7448344000427882,true
3.4925472424181234,0.0008943208805219183,6.9157156002693485,1.753545395144188,true
3.464947992040272,0.0008600794263132775,6.938451179076475,1.7623338315678192,true
3.4373503605786224,0.0008271242060559137,6.961163202784816,1.7712006370449234,true
3.4097543468302516,0.0007954128136158298,6.983849509976722,1.780146751825457,true
3.382159948303083,0.0007649040181140535,7.006507858542084,1.7891731288084134,true
3.3545671611484456,0.0007355577413745406,7.029135922137553,1.7982807336672095,true
3.3269759800897694,0.0007073350356170925,7.05173128643994,1.8074705449692783,true
3.2993863983472367,0.0006801980613996845,7.074291445180099,1.816743554288961,true
3.271798407558192,0.0006541100658152117,7.096813795942505,1.82610076631264,true
3.244211997693128,0.000629035360947909,7.1192956357149235,1.8355431989349955,true
3.2166271569670393,0.0006049393025954043,7.141734156170949,1.845071883345085,true
3.189043871745963,0.0005817882692626447,7.164126438667414,1.8546878641008637,true
3.1614621264485003,0.0005595496414346365,7.186469448937028,1.8643921991905663,true
3.1338819034421364,0.0005381917811355041,7.208760031455089,1.874185960079215,true
3.106303182934168,0.0005176840117818031,7.2313012673106645,1.8840702317383604,true
3.078725942857062,0.000497996598339101,7.254792077992444,1.8940461126568782,true
3.05115015874809,0.0004791007277910788,7.27823096796978,1.904114714830511,true
3.023575803623075,0.0004609684899317517,7.30161387452617,1.9142771637274831,true
2.9960028478441405,0.00044357285849183246,7.324936561358302,1.92453459822732,true
2.968431258981353,0.0004268876726116072,7.348194609808842,1.9348881705296228,true
2.940861001668199,0.000410887618673649,7.371383409544828,1.945339046029209,true
2.91329203745087,0.00039553209241766275,7.394498148641387,1.9558884031536423,true
2.8857243246314006,0.0003807870684655847,7.417533803027386,1.9665374331587362,true
2.8581578181047353,0.0003666575157249614,7.440485125245842,1.97728733987707,true
2.830592469189925,0.00035312129976092113,7.463346632478472,1.9881393394140963,true
2.8030282254556953,0.0003401570461623754,7.486112593779094,1.9990946597856782,true
2.7754650305407917,0.00032774412501877315,7.508777016456522,2.010154540490331,true
2.747902823969602,0.00031586263588196186,7.531333631542225,2.021320232008542,true
2.720341540963742,0.00030449339324161394,7.553775878272832,2.032592995220769,true
2.6927811122504677,0.00029361791254619137,7.576096887511422,2.0439741007346606,true
2.6652214638690133,0.0002832183968048394,7.598289464025334,2.0554648281110004,true
2.6376625169762167,0.00027327772381006353,7.620346067530819,2.067066464976609,true
2.6101041876531044,0.0002637794340258801,7.642258792407198,2.0787803060109935,true
2.5825463867144993,0.00025470771919147554,7.664019345974911,2.0906076517920815,true
2.5549890195241325,0.0002460474116972064,7.685619025222056,2.102549807484441,true
2.5274319858182785,0.00023778397479677817,7.707048691854315,2.114608081351504,true
2.499875179541527,0.0002299034937282458,7.728298745531612,2.1267837830709637,true
2.4723184886990324,0.00022236444767473386,7.74935909514274,2.139078221829937,true
2.444761795230424,0.0002151689910173581,7.770219127955767,2.1514927041736045,true
2.4172049749115416,0.00020831968618847732,7.79086767646716,2.164028531577647,true
2.389647897291346,0.00020180495157961524,7.811292982756543,2.176686997711091,true
2.362090425672701,0.00019561379878934248,7.831482660136059,2.1894693853517975,true
2.334532417147352,0.00018973583120310603,7.851423651864121,2.2023769629120036,true
2.306973722697312,0.00018416124433974423,7.871102186671708,2.2154109805256716,true
2.2794141873770846,0.00017888082817525748,7.8905037308262225,2.228572665643045,true
2.251853650593789,0.0001738859716874529,7.909612936432266,2.241863218070506,true
2.2242919465053097,0.00016916866990408902,7.92841358564066,2.2552838043854537,true
2.196728904560237,0.00016471694505620777,7.946888530406632,2.2688355516463576,true
2.1691643502076237,0.00016049123086724635,7.965019627404587,2.282519540307131,true
2.1415981058096083,0.0001565236854817904,7.982787667670865,2.29633679623238,true
2.1140299917958894,0.00015280873811517778,8.000172300506362,2.3102882816955512,true
2.0864598281060105,0.0001493415063073147,8.017151951128564,2.324374885225303,true
2.058887435973662,0.00014611782642307288,8.033703731516672,2.3385974101462668,true
2.031312640116922,0.00014313429041476903,8.049803343844557,2.3529565616381465,true
2.0037352714098433,0.0001403882898374381,8.065424975844232,2.3674529321116666,true
1.976155170124336,0.0001378780682916979,8.080541187387718,2.3820869846703734,true
1.9485721898473036,0.00013556273166315567,8.095122787517882,2.396859034393365,true
1.9209862021968998,0.00013347920717164192,8.109138701100656,2.4117692271348408,true
1.893397102484097,0.0001316320572828858,8.122555824212013,2.4268175154911003,true
1.865804816492137,0.00013002348921600614,8.13533886731644,2.4420036315335754,true
1.838209308577554,0.00012865699606914494,8.147450185240698,2.457327055846236,true
1.8106105913332036,0.00012753749831475689,8.158849592902111,2.47278698233679,true
1.7830087370969854,0.00012666472089736418,8.169494165718092,2.4883822782113656,true
1.7554038916408983,0.00012601322547120384,8.179338023611551,2.504111438411589,true
1.7277962904348638,0.00012563314103260397,8.18899899135102,2.5199725337087404,true
1.700186277949824,0.00012553681535714352,8.197936595469585,2.535963151531432,true
1.672574330546405,0.00012573920510615616,8.205872903115884,2.5520803284694162,true
1.6449610835904795,0.0001262582673615723,8.212744372756504,2.568320473245843,true
1.617347363546766,0.00012709848543008943,8.21848296121188,2.584679278783231,true
1.5897342259274776,0.0001282648444677661,8.223015780828005,2.601151621805185,true
1.5621230001159183,0.00012982263030864594,8.226264736627277,2.6177314482184335,true
1.534515342244897,0.00013180699479954704,8.228146145089239,2.634411642312299,true
1.5069132974857626,0.00013425951843231017,8.228570337438299,2.6511838776030285,true
1.479319373292401,0.00013721874133827572,8.227441251956916,2.6680384469503964,true
1.4517366253391935,0.00014069948395312856,8.22465602201246,2.684964069403308,true
1.4241687580813402,0.00014482025796613905,8.220104569314902,2.701947671117516,true
1.396620242031876,0.00014966206120217904,8.21366921556592,2.71897413767384,true
1.3690964499640932,0.0001553212755587312,8.205224330286491,2.7360260352670944,true
1.341603814269636,0.00016187271337966694,8.194636038394078,2.75308329861406,true
1.3141500075722965,0.00016945022435320038,8.181762018201196,2.7701228841501826,true
1.286744148334251,0.00017825328048539036,8.166451429028069,2.787118388287418,true
1.2593970324870432,0.00018847807938043837,8.148545017555243,2.8040396323627017,true
1.2321213909363122,0.00020034075898180354,8.12787546317527,2.820852218622995,true
1.204932170961097,0.00021406098423606008,8.104268034393886,2.8375170653952417,true
1.1778468368709178,0.00023005670411626862,8.077541639741703,2.8539899346982627,true
1.1508856816171982,0.00024874546375187856,8.04751036595551,2.870220972133588,true
1.1240721362505703,0.0002706209085064095,8.013985600752415,2.886154286968127,true
1.0974330581670588,0.00029618725004341507,7.9767788337140475,2.90172760965735,true
1.070998972219799,0.0003263052675289228,7.9357052120269875,2.916872073995136,true
1.0448042315785935,0.0003618930536061481,7.891927895100736,2.9315121803639643,true
1.0188870587837446,0.0004040592984366158,7.844286178089047,2.945566003215187,true
0.9932894234222663,0.0004539935794659851,7.79246220002927,2.9589457072239127,true
0.9680567134133576,0.0005135121027910796,7.736336707455244,2.971558429365293,true
0.9432371643602897,0.0005846319497013495,7.675820114275773,2.983307565473955,true
0.9188810276639191,0.0006697966271329917,7.6108583705295345,2.9940944679890973,true
0.895039483546968,0.0007717167449769875,7.541438056005085,3.0038205174936445,true
0.8717633378907544,0.0008940553645668389,7.467590163674875,3.012389479028438,true
0.8491015770451532,0.0010410661988056076,7.38939209052906,3.0197100036594464,true
0.8270998853309848,0.0012177356790053209,7.306967497014698,3.025698097666486,true
0.8057992478885996,0.0014299311013231276,7.220483918100657,3.0302793668533314,true
0.7852347607799448,0.0016842178478897723,7.130148271956669,3.0333908584606433,true
0.7654347491012649,0.001988622635187199,7.036200663243759,3.034982367331995,true
0.7464202560243418,0.002352355411919893,6.938907063916643,3.0350171378668045,true
0.7282049193462564,0.0027857720705510647,6.838551539235795,3.0334719650450244,true
0.7107952072408259,0.003300552048012072,6.735428662218553,3.0303367617390555,true
0.6941909499826329,0.003909744558633055,6.629836645323616,3.025613704583948,true
0.6783860842518402,0.004627789898258801,6.523384277298481,3.019316092047453,true
0.6633695217070564,0.005470511396080352,6.417820145336677,3.0114670474829035,true
0.6628978488946703,0.0054999762310918715,6.414384059724196,3.0111882208900678,false
0.6486876654169175,0.006488752993329169,6.307170169212206,3.001777246283011,false
0.6352224451986863,0.007638972856978251,6.19847545940138,2.9908812074241755,false
0.622490377169792,0.008969680388698446,6.088598589894278,2.9785504971664745,false
0.6104689164185939,0.010501480088763797,5.977759534826734,2.9648350864894137,false
0.5991344563929135,0.012255779289574371,5.866166146957212,2.9497890217142113,false
0.5884628270738949,0.014254566517330309,5.7540150587211905,2.93346970295609,false
0.5784296781805998,0.016520164519829364,5.641492745880669,2.9159372931162664,false
0.5690107654143327,0.019074965090405342,5.532467104589619,2.8972542431338093,false
0.5601821532169614,0.02194115479415573,5.423476843777566,2.877484912269896,false
0.5519203481167367,0.02514044165139207,5.3144333603490725,2.856695262720529,false
0.5442023761937352,0.028693793171649426,5.205479543676361,2.8349526097707467,false
0.5370058169923996,0.032621195796608354,5.0967543236464925,2.812325411289786,false
0.5303088046895902,0.03694144480168619,4.988393354265629,2.788883083116663,false
0.5240900057308069,0.04167197208994763,4.882089506074815,2.764695829470834,false
0.5183285806239906,0.04682871721471282,4.778099691268129,2.739834479766148,false
0.5130041362147358,0.052425797255851635,4.674637496376874,2.7143703250413562,false
0.5117586646598459,0.053871368208192175,4.649273481221889,2.7080202814763266,true
0.5069529462268002,0.060029034079887314,4.546681477292569,2.6819175596984186,true
0.5025374186970278,0.06665631743754592,4.444831624873273,2.65536077058166,true
0.49849513467279316,0.07375979652883934,4.344393183841201,2.628433618964864,true
0.49480703693563877,0.08134740727428998,4.247159756001025,2.6012073383153176,true
0.49145427475895404,0.08942577855184278,4.150819994330831,2.573752583894796,true
0.4884181829817878,0.09800036103190195,4.05547898854331,2.5461391934723814,true
0.4856802713401393,0.10707556699718139,3.961239322824182,2.5184359234697036,true
0.48322222618395405,0.1166549119652228,3.868723284521416,2.4907101705445585,true
0.48102592491841345,0.12674115166257263,3.779094294859664,2.463027682207397,true
0.47907346300545645,0.13733640901292163,3.690629182172492,2.435452261427462,true
0.47734719283314436,0.14844228706633222,3.603415579036324,2.408045471396473,true
0.4758297732258305,0.1600599651137579,3.517535512590893,2.3808663475423404,true
0.47450422786039226,0.1721902765157817,3.434184162152945,2.353971124399148,true
0.47335401040886294,0.1848281762751912,3.352735064857248,2.327412984965048,true
0.47236307388310006,0.1979729591514942,3.2726324534218714,2.3012418396882404,true
0.4715159414429676,0.21162869092283532,3.193936751000194,2.2755041412507544,true
0.4707977758645985,0.22579511727076254,3.117118201171739,2.250242739964562,true
0.4701944449559911,0.24047180455391973,3.042597256935291,2.2254967829903247,true
0.4696925804431765,0.2556581344920614,2.969453923863126,2.2013016588929366,true
0.46927962821018526,0.27135329358976673,2.8977252845876698,2.1776889874068917,true
0.4689438882286688,0.28755247540536394,2.8275616276602396,2.154686652820288,true
0.46867454302220085,0.30423471164612775,2.759661102826325,2.1323188781767595,true
0.46846167403914624,0.3214190835822038,2.6931074849019914,2.110606336575027,true
0.4682962658231554,0.33910397464881,2.6279167679772146,2.0895662952099556,true
0.46817019834286094,0.35728757184301896,2.564104571896143,2.0692127874162596,true
0.4680762282509909,0.3759651178641769,2.502338320270342,2.0495568078006032,true
0.46800796017289903,0.395102937949583,2.441839635425745,2.0306065255339507,true
0.4679598093681893,0.414730558714812,2.382608390076313,2.0123675109846717,true
0.4679269572646962,0.43484576272221925,2.324639219313505,1.994842971075772,true
0.46790530143607184,0.4554462637282169,2.268374870603906,1.9780339890283316,true
0.4678914015902875,0.47650111333371153,2.213303187851522,1.9619397644960839,true
0.46788242306823963,0.49802128285310215,2.159379207687459,1.9465578504944268,true
0.4678760792323332,0.5200185790067907,2.1065889217165026,1.9318843839722426,true
0.4678705739688661,0.5424911319425211,2.055209066110142,1.9179143073544127,true
0.4678645453489552,0.5654121416542424,2.0049139080024725,1.9046415788830928,true
0.4678570113032978,0.5887841637730394,1.9556399843211831,1.8920593700897017,true
0.4678473179776181,0.6126266341384672,1.9073694680741988,1.880160249219576,true
0.46783509125646505,0.6369387471305726,1.860265389041684,1.868936349892018,true
0.4678201917798827,0.6616947859286995,1.8141291021702364,1.8583795246956445,true
0.46780267363446043,0.6868999700119444,1.7688937053940388,1.8484814837830603,true
0.46778274677937454,0.7125752909276402,1.7245409142277424,1.8392339188339943,true
0.4677607431698728,0.738721456220215,1.681157714636076,1.830628612999745,true
0.4677370864643535,0.7653142874857838,1.6386303201507437,1.8226575376259342,true
0.46771226514485165,0.7923655813191367,1.5968971381957413,1.815312936678674,true
0.4676868088423792,0.8198948748970569,1.555941378776169,1.8085873998775897,true
0.467661267635131,0.8479046672762858,1.5158016424448573,1.8024739255743747,true
0.46763619407712087,0.8763754223057074,1.4764165550792765,1.7969659744148383,true
0.4676121277140178,0.905324239957291,1.4377357975584095,1.792057514793574,true
0.4675895818506122,0.9347684234961899,1.3997449702017475,1.7877430610586973,true
0.46756903234751485,0.9647124687025838,1.362453989717095,1.7840177053568187,true
0.4675509082423243,0.9951460389240151,1.3258298200121783,1.7808771439296456,true
0.4675355840112834,1.026087963566992,1.2898371116993694,1.7783176985869058,true
0.4675233733101266,1.0575534097371218,1.254464098898798,1.7763363339897527,true
0.46751452405646116,1.0895490823803753,1.219705071673114,1.7749306712858264,true
0.4675092147406797,1.1220785838473062,1.185539463226583,1.7740989985435245,true
0.46750755178997566,1.151948167092118,1.1551596993002182,1.773840278323787,true
0.46750956854288844,1.1189219625197417,1.1888048382459688,1.7741541527571099,true
0.4675152239204347,1.086447171882242,1.223023165883428,1.775040945974151,true
0.4675244039227283,1.054507416803082,1.2578360119488645,1.7765016644969263,true
0.4675369228077909,1.0230987174762196,1.2932609868238842,1.7785379950413576,true
0.467552525888637,0.9922141851089007,1.3293047752512714,1.781152299936928,true
0.46757089337511154,0.9618358182671477,1.3659792653542933,1.7843476098473303,true
0.4675916454381256,0.9319492598538094,1.4033255338807027,1.7881276134983526,true
0.46761434860811846,0.9025626055060757,1.4413677681088106,1.792496644000434,true
0.4676385236451172,0.8736710761217278,1.4801001005780847,1.7974596612460614,true
0.4676636550417953,0.8452535212803146,1.519537313934142,1.8030222297518714,true
0.46768920234536326,0.8172992918668982,1.55974011791095,1.809190491200494,true
0.4677146135060428,0.7898244365943612,1.6007532568343592,1.8159711308211999,true
0.4677393404802027,0.7628261042041171,1.6425462977447218,1.8233713366314377,true
0.4677628573320111,0.7362803488727769,1.6851367833042106,1.8313987504485434,true
0.46778468108881044,0.7101829575824551,1.728602953169551,1.8400614094744432,true
0.46780439560874953,0.6845539007152219,1.7730315778014663,1.8493676771647782,true
0.46782167871356356,0.6593921116449234,1.8183493202302476,1.8593261620233232,true
0.46783633282090076,0.6346720022046405,1.8645756661511823,1.869945622923846,true
0.4678483192768958,0.6103965105138877,1.9118027894322465,1.8812348595667283,true
0.46785779653735027,0.586586882258145,1.9601877905164367,1.8932025867395754,true
0.4678651622710734,0.5632436785119873,2.009588654852033,1.9058572911867122,true
0.4678710993599995,0.5403430055173822,2.060024760092691,1.919207070115648,true
0.46787662564354837,0.517890777410863,2.111597218220518,1.9332594506978693,true
0.4678831471002187,0.49590945819502313,2.164568408347778,1.9480211903674878,true
0.46789251397692183,0.4744009633832396,2.218692794141394,1.96349805829594,true
0.4679070791704011,0.45334946192309933,2.2739857719815384,1.979694599124651,true
0.46792975794134606,0.43275269306202496,2.3305484519325455,1.996613880864022,true
0.4679640878110782,0.41263770650998405,2.388794912453474,2.014257229794475,true
0.46801428726681077,0.39300726432365785,2.4483284049101863,2.0326239561984343,true
0.46808531170292667,0.373862959839685,2.509154477407177,2.0517110757579817,true
0.468182904872943,0.3551758034976321,2.571351169882097,2.0715130324029136,true
0.4683136440423405,0.33698438053346047,2.63556255120639,2.0920214292070227,true
0.468484977037845,0.3192915306332235,2.7011703210565607,2.1132247745180464,true
0.46870524950138726,0.30209994790504074,2.7681632777349843,2.1351082507838344,true
0.46898372088847956,0.2854121463904671,2.8365315926875017,2.1576535134312955,true
0.4693305681017116,0.26920688613521204,2.907315438948222,2.1808385266199832,true
0.46975687611084715,0.2535123864036483,2.9795576475709415,2.204637441717801,true
0.47027461545768645,0.2383308796191822,3.0532246822253013,2.2290205229673057,true
0.4708966071427388,0.2236638489002436,3.1282745849704523,2.2539541231052986,true
0.47163647599851644,0.20951246370955692,3.2058488064181847,2.2794007097851816,true
0.47250859422387603,0.1958775755030475,3.285103977431897,2.305318941677451,true
0.4735280172406736,0.1827597147169498,3.3657585606104186,2.3316637912445497,true
0.47471041439973,0.17015356787766087,3.447747178973085,2.3583867095496083,true
0.4760719972823005,0.15806293102030733,3.5319353904515505,2.385435827182015,true
0.477629448404578,0.14649098042607528,3.6183595908029957,2.412756184542955,true
0.4793998530409117,0.13543662800749723,3.706094584894703,2.4402899843574577,true
0.4814006366538242,0.12489834246823288,3.7950551738485623,2.467976859345727,true
0.483649510084214,0.11487408918208784,3.885151203850965,2.4957541484338774,true
0.4861644242462593,0.1053612513772188,3.9785605505494823,2.523557175624426,true
0.4889635356225936,0.09635653303821248,4.073253698469975,2.5513195265794657,true
0.4920651833969882,0.0878558456013471,4.169015984982521,2.5789733189922184,true
0.49548787861653387,0.079854182234528,4.265744013780104,2.606449463848931,true
0.49925030535710674,0.07234548512585626,4.3633749304304255,2.633677915642104,true
0.5033713334779945,0.06532251261162346,4.464690600978731,2.660587910441306,true
0.5078700421862422,0.05877671401964128,4.566877029235398,2.6871081914385644,true
0.5118183374699987,0.053800804802640184,4.650499533075196,2.7083281881666355,false
0.5170486170772507,0.04809410103594481,4.753921271475941,2.7339476274939467,false
0.5227140311992634,0.04282924066407384,4.857934923340359,2.7589882598083606,false
0.5288324681636906,0.03799575737680449,4.963460457698852,2.7833666565196102,false
0.535424595796612,0.0335778419011526,5.071834600299101,2.807011971790608,false
0.5425115582213157,0.02955818333639397,5.180592306145156,2.829853975760817,false
0.5501150164136778,0.02591808816020102,5.289598493713449,2.851823217369726,false
0.5582571771621889,0.02263764249227032,5.398715007054491,2.8728511985423983,false
0.5669608014506614,0.019695914339541237,5.507800017417569,2.892870559320724,false
0.576249183357186,0.01707118865280595,5.616707216217808,2.911815283254609,false
0.5861460888848763,0.014741226222108396,5.728674129132962,2.929620935169459,false
0.596675642487885,0.012683536262950972,5.840966020248749,2.9462249464971526,false
0.6078621476462598,0.010875652073898533,5.952734077806116,2.9615669664033213,false
0.6197298270013908,0.009295399386122772,6.063785071459797,2.9755892994843323,false
0.6323024677463553,0.007921147916238476,6.173914963895662,2.9882374521564055,false
0.6456029597693619,0.006732038058129343,6.282907959118002,2.999460809103219,false
0.6596527181860886,0.005708176450968807,6.390535876808746,3.009213457165138,false
0.6629081510076951,0.005499330555528314,6.414459157585059,3.011194332923927,true
0.6778916815036579,0.004652826147575311,6.5200227845061685,3.0190879998257922,true
0.6936720894704576,0.003930987053817749,6.626415207253594,3.0254362038403912,true
0.7102518724433,0.0033184954682072155,6.732089224958164,3.0302102811599667,true
0.7276374716476346,0.002800861435024695,6.835305256971905,3.033396574244141,true
0.7458294637937087,0.002364989597664415,6.935765685964741,3.0349924455276778,true
0.7648217843807965,0.001999157621651397,7.033175950038667,3.035007442159921,true
0.7846011684569301,0.001692969494025059,7.127251375879602,3.0334641868539984,true
0.8051468872746025,0.0014371888998472376,7.217724783861537,3.0303988541425553,true
0.8264308477629679,0.0012237293430162712,7.304354339394214,3.0258611146303287,true
0.848418086819585,0.0010460064551527006,7.38693100126066,3.0199134740077693,true
0.8710676466422533,0.0008981228871786601,7.465284883851208,3.012629997850889,true
0.8943337692812061,0.0007750649062665288,7.539289928034329,3.004094486628961,true
0.9181673086595714,0.0006725619411076751,7.608866459045552,2.994398232844281,true
0.942517235291199,0.0005869127277485771,7.673981464098578,2.9836375392689334,true
0.9673321070892372,0.0005153973489659721,7.734646693207403,2.971911194525881,true
0.9925613975370235,0.0004555562871726163,7.79091491827746,2.9593180885434935,true
1.018156603894074,0.0004053589711706267,7.842874837945731,2.9459551121886105,true
1.0440720947083526,0.0003629823192348966,7.890645174064486,2.9319154337981517,true
1.070265690027325,0.00032721808033357784,7.93450372573256,2.9172871921826276,true
1.0966989942116077,0.00029695527615886325,7.975695655897221,2.9021526001167084,true
1.123337518096937,0.0002712696862160611,8.013013133233132,2.886587419377154,true
1.150150634901841,0.00024929873732189853,8.046641309433168,2.8706607490743394,true
1.1771114147214263,0.00023052754273716742,8.076769072941687,2.854435061605659,true
1.204196378159794,0.0002144629425104695,8.10358545603832,2.8379664219337974,true
1.2313852029091135,0.0002006848368024515,8.12727680673089,2.821304832755771,true
1.2586604096118272,0.00018877564108090605,8.148024647175136,2.8044946576679806,true
1.286007046261592,0.00017850897996281965,8.166004123345175,2.7875750846054994,true
1.3134123843026007,0.0001696701065538099,8.181382946961007,2.770580601359315,true
1.3408656346921284,0.00016206175326002742,8.194320735486222,2.7535414631897646,true
1.368357688477898,0.00015548555015233771,8.20496866559697,2.7364841392266284,true
1.3958808837667656,0.0001498028612795298,8.21346936721177,2.7194317295112507,true
1.423428799133287,0.00014494044701322099,8.219956997201415,2.7024043483688787,true
1.4509960723431263,0.00014080145271913916,8.224557443220776,2.6854194725292224,true
1.4785782425755698,0.00013730449186498522,8.227388618181386,2.6684922542733935,true
1.506171613980638,0.00013433232749879642,8.228560814508858,2.6516358010852796,true
1.5337731382895694,0.00013186660783839235,8.22817709450303,2.634861424001231,true
1.5613803142307217,0.00012987025444532432,8.226333698952573,2.618178857223628,true
1.5889911016270237,0.00012830149841684243,8.223120460815153,2.601596451699371,true
1.6166038482247915,0.00012712502915746812,8.218621214437727,2.5851213453437065,true
1.6442172274991786,0.00012627682185930832,8.21291419363354,2.568759612471511,true
1.6718301858808087,0.00012574895351568315,8.206072414108327,2.5525163948230944,true
1.6994418980401467,0.00012553828004449306,8.198164037373378,2.5363960163685415,true
1.7270517290446499,0.0001256267591070932,8.189252714510221,2.5204020838620695,true
1.7546592023655792,0.00012599936028307758,8.179591950878258,2.504537574908526,true
1.7822639728555612,0.00012664367162050274,8.169770415854712,2.488804915105071,true
1.8098658039447966,0.00012751076879850612,8.159146875278346,2.473206045636597,true
1.837464548414256,0.0001286235160403322,8.147767287311554,2.4577424825354712,true
1.865060132199671,0.00012998341424551524,8.135674649274083,2.4424153686652814,true
1.8926525407621844,0.00013158550346900017,8.122909214078046,2.4272255193537613,true
1.9202418076317518,0.00013342625520768015,8.10950869021211,2.4121734624815097,true
1.9478280047892802,0.00013550343027329145,8.095508426366655,2.3972594737286728,true
1.9754112346044541,0.00013781361784454539,8.080941581778166,2.38248360759051,true
2.0029916230894766,0.0001403175158461069,8.065839283338388,2.3678457246932205,true
2.03056931426565,0.00014305716557759562,8.050230770467977,2.3533455158719865,true
2.058144465470819,0.00014603430048244802,8.034143528701469,2.338982523413202,true
2.085717243462022,0.00014925150756222078,8.01760341287263,2.324756159810434,true
2.1132878211899784,0.00015271217469547258,8.00063476073044,2.310665724338593,true
2.1408563751409067,0.00015642044641803518,7.983260497756984,2.2967104177114246,true
2.1684230831571063,0.00016038118698450955,7.965502233901167,2.2828893550534897,true
2.1959881226612668,0.0001645999497157661,7.947380352887083,2.2692015773883454,true
2.2235516692208823,0.00016904572885901914,7.928914094703675,2.2556460618190957,true
2.2511138953988494,0.00017375576649877555,7.910121631832971,2.2422217305552796,true
2.2786749698445212,0.0001787431659981456,7.891020139728614,2.2289274589209573,true
2.3062350565864507,0.0001840159166201353,7.871625862013378,2.215762082461991,true
2.3337943144939537,0.00018958261391746142,7.851954170825341,2.2027244032561577,true
2.361352896879619,0.0001954524526152204,7.83201962270577,2.1898131955170124,true
2.3889109512191538,0.00020163522200501886,7.811836010388535,2.17702721057145,true
2.4164686189685356,0.00020814130356689784,7.791416410820202,2.1643651812813136,true
2.4440260354615355,0.00021498167057442812,7.770773229712005,2.1518258259710787,true
2.4715833298732477,0.00022216788947167438,7.749918242899051,2.1394078519162454,true
2.499140625237507,0.00022969854731267218,7.728862634759107,2.1271099584407933,true
2.5266980385079227,0.00023756918377286168,7.707617033921423,2.1149308396663304,true
2.554255680653895,0.0002458224322016441,7.686191546477055,2.1028691869507843,true
2.5818136567843033,0.00025447219167381495,7.664595786884042,2.090923691050071,true
2.6093720662927544,0.00026353298305444354,7.642838906744778,2.0790930440324913,true
2.636931003019223,0.00027301995785401935,7.620929621617962,2.0673759409721675,true
2.66449055542379,0.0002829489079944652,7.59887623601428,2.0557710814450236,true
2.692050806768875,0.0002933362764133,7.576686666712465,2.0442771708481344,true
2.7196118353069743,0.00030419916844173957,7.554368464521298,2.032892921561016,true
2.7471737144714288,0.00031555536389991836,7.531928834602873,2.0216170539654446,true
2.7747365130681825,0.0003274233298589019,7.5093746554630725,2.010448297338556,true
2.802300295466863,0.00033982223402471593,7.4867124967067555,1.9993853906324401,true
2.829865121789836,0.0003527719587044758,7.463948635647373,1.9884270831520403,true
2.8574310480981335,0.000366293115319047,7.441089072853475,1.977572135141875,true
2.88499812657341,0.0003804070594303085,7.418139546708276,1.9668193182910618,true
2.912566405695239,0.0003951359062542831,7.395105547052431,1.9561674161651308,true
2.9401359304132444,0.00041047584463319085,7.371992327974578,1.9456152245721632,true
2.9677067423136814,0.0004264585625041554,7.348804919809426,1.935161551870122,true
2.995278879780207,0.0004431257845025682,7.325548140398562,1.9248052192214669,true
3.0228523781486554,0.0004605028033833168,7.302226605664737,1.9145450608005652,true
3.0504272698557364,0.0004786157587304178,7.278844739546956,1.9043799239588244,true
3.078003584581605,0.0004974916551182957,7.255406783339678,1.8943086693519922,true
3.1055813493863424,0.0005171583806334415,7.2319168044766755,1.8843301710336464,true
3.1331605888403957,0.0005376447257431791,7.209342238938695,1.8744433165184464,true
3.1607413251490835,0.0005589804024992246,7.187052626680432,1.8646470068184064,true
3.188323578271285,0.0005811960640648002,7.164710504493323,1.8549401564551045,true
3.215907366032465,0.0006043233245549367,7.1423190312520175,1.845321693450465,true
3.2434927042321937,0.0006283947791804145,7.119881244385338,1.8357905592984978,true
3.2710796067463352,0.0006534440246866559,7.0974000655203255,1.8263457089201027,true
3.298668085624093,0.0006795056800793209,7.074878305799882,1.8169861106029148,true
3.3262581511800944,0.0007066154076292584,7.052318670894996,1.807710745927895,true
3.3538498120817146,0.0007348099341499065,7.029723765731197,1.7985186096842478,true
3.381443075431827,0.0007641270725406813,7.0070960989475175,1.7894087097740985,true
3.4090379468471768,0.0007946057435906716,6.98443808710494,1.78038006710818,true
3.4366344305325667,0.0008262859980371503,6.961752058660097,1.7714317154937056,true
3.4642325293510425,0.0008592090388740997,6.939040257719026,1.762562701515441,true
3.4918322448902694,0.0008934172439060907,6.916304847584728,1.753772084410947,true
3.519433577525267,0.0009289541885435916,6.8935479141113,1.7450589359408044,true
3.547036526477687,0.0009658646688360362,6.870771468876586,1.7364223402545895,true
3.574641089871798,0.001004194724739225,6.847977452184574,1.7278613937532974,true
3.602247264787343,0.0010439916636142915,6.825167735907894,1.7193752049488078,true
3.6298550473094244,0.0010853040839554795,6.802344126180194,1.7109628943209787,true
3.657464432575568,0.0011281818993449436,6.779508365947384,1.7026235941728065,true
3.68507541482011,0.0011726763626322178,6.756662137386425,1.6943564484841747,true
3.712687987416051,0.0012188400903373432,6.733807064199423,1.6861606127645257,true
3.7403021429144965,0.0012667270872763292,6.710944713790556,1.6780352539048473,true
3.767917873081828,0.001316392771408117,6.6880765993328435,1.6699795500292955,true
3.7955351689347046,0.001367893998903075,6.6652041817310295,1.661992690346703,true
3.823154020773031,0.001421289089432266,6.642328871487063,1.6540738750022939,true
3.8507744182109818,0.0014766378516786838,6.619452030473435,1.646222314929749,true
3.8783963502061978,0.0015340016090703928,6.596574973620107,1.6384372317038995,true
3.9060198050872477,0.0015934432257370926,6.573698970519786,1.6307178573941785,true
3.9336447705794453,0.0016550271326916481,6.550825246956303,1.6230634344189858,true
3.9612712338291205,0.0017188193542378072,6.527954986360619,1.6154732154011495,true
3.988899181426413,0.0017848875346071311,6.50508933119837,1.607946463024548,true
4.016528599426681,0.001853300964827118,6.4822293842930225,1.6004824498920354,true
4.044159473370588,0.0019241306098239865,6.459376210088108,1.5930804583847435,true
4.0717917883029475,0.001997449135763204,6.436530835852088,1.5857397805228497,true
4.099425528790387,0.002073330937631912,6.4138625839229455,1.5784597178278654,true
4.127060678937893,0.0021518521670671905,6.392118167031177,1.5712395811865223,true
4.154697222404297,0.002233090760435468,6.370369796047845,1.5640786907162647,true
4.1823351424167665,0.0023171264671672507,6.348618332041519,1.556976375632444,true
4.209974421784331,0.002404040878353987,6.326864609929467,1.549931974117186,true
4.237615042910522,0.0024939174556120294,6.305109439224078,1.5429448331900057,true
4.265256987805147,0.0025868415602210183,6.283353604744097,1.536014308580152,true
4.292900238095259,0.002682900482543325,6.261597867292752,1.529139764600716,true
4.3205447750353505,0.002782183471731857,6.239842964304621,1.5223205740245171,true
4.34819057951682,0.0028847817657350885,6.218089610462821,1.5155561179617336,true
4.375837632076738,0.0029907886216066874,6.196338498288455,1.508845785739329,true
4.403485912905954,0.003100299346129594,6.174590298703551,1.5021889747822308,true
4.431135401856568,0.0032134113267638866,6.152845661569137,1.4955850904962744,true
4.458786078448805,0.003330224062928429,6.131105216199773,1.4890335461528983,true
4.486437921877316,0.003450839197626937,6.109369571855784,1.4825337627755815,true
4.514090911016931,0.003575360549429986,6.087639318214448,1.4760851690280063,true
4.54174502442788,0.0037038941448245414,6.065915025821203,1.4696872011039281,true
4.569400240360527,0.003836548250943225,6.0441972465220735,1.4633393026187484,true
4.597056536759614,0.003973433408686681,6.022486513878158,1.4570409245027622,true
4.624713891268048,0.004114662466252555,6.000783343563231,1.4507915248960548,true
4.652372281230245,0.00426035061308493,5.979088233745331,1.444590569045048,true
4.680031683695047,0.004410615414259761,5.957401665453121,1.4384375292006546,true
4.707692075418232,0.004565576845321312,5.935724102927852,1.4323318845180284,true
4.735353432864627,0.004725357327585931,5.914055993961666,1.4262731209578903,true
4.763015732209835,0.0048900817639304225,5.892397770222888,1.4202607311893964,true
4.7906789493416015,0.005059877575081943,5.870749847569015,1.4142942144945403,true
4.818343059860811,0.005234874736428474,5.849112626347963,1.4083730766740525,true
4.846008039082146,0.005415205815368179,5.827486491688203,1.4024968299547869,true
4.873673862034396,0.00560100600921848,5.805871813778256,1.396664992898552,true
4.901340503460448,0.005792413183703982,5.784268948136121,1.3908770903123917,true
4.929007937816943,0.005989567912046478,5.7626782358690525,1.3851326531602586,true
4.956676139273622,0.006192613514677655,5.741595804510732,1.3794312184760809,true
4.984345081712367,0.006401696099598211,5.720897497602562,1.3737723292781985,true
5.012014738725927,0.0066168552736737595,5.700198639006124,1.3681555344851328,true
5.039685083616357,0.006838059189759394,5.679499560354,1.362580388832672,true
5.0673560893931455,0.007065724801617016,5.6588005824750445,1.3570464527922512,true
5.09502772877107,0.007300008383509267,5.638102015520048,1.3515532924906202,true
5.1226999741677455,0.007541069167290314,5.617404159081839,1.346100479630737,true
5.150372797700899,0.007789069386444913,5.596707302310357,1.3406875914139207,true
5.1780461711853505,0.008044174320961571,5.576011724022639,1.3353142104631803,true
5.205720066129712,0.008306552343066117,5.555317692808271,1.329979924747759,true
5.233394453732807,0.008576374963851024,5.534625467130274,1.3246843275088327,true
5.261069304879803,0.00885381688083193,5.5139352954217555,1.3194270171863556,true
5.288744590138056,0.009139056026465805,5.4932474161784315,1.3142075973470346,true
5.316420279752679,0.009432273617666074,5.472562058047305,1.3090256766134127,true
5.344096343641816,0.009733654206351437,5.4518794399115125,1.303880868594043,true
5.3717727513916325,0.010043385731066423,5.431199770971587,1.2987727918147245,true
5.399449472251014,0.010361659569711508,5.410523250823307,1.2937010696508056,true
5.427126475125965,0.010688670593426151,5.389850069532052,1.2886653302605047,true
5.45480372857372,0.011024617221662933,5.369180407704052,1.2836652065192646,true
5.482481200796544,0.01136970147849988,5.348514436554406,1.2787003359550917,true
5.510158859635233,0.011724129050232882,5.3278523179720985,1.273770360684893,true
5.537836672562301,0.012088109344296992,5.307194204581998,1.2688749273517654,true
5.565514606674853,0.012461855549562412,5.286540239804016,1.2640136870632548,true
5.593192628687131,0.012845584698056925,5.265890557909402,1.2591862953305346,true
5.620870704922738,0.013239517728165815,5.24524528407424,1.2543924120085124,true
5.6485488013065215,0.013643879549360909,5.224604534430286,1.249631701236846,true
5.676226883356115,0.014058899108517332,5.203968416113013,1.244903831381841,true
5.703904916173133,0.01448441831854783,5.183587530030581,1.2402084749792404,true
5.7315828644339994,0.01492035886916815,5.163663774320237,1.2355453086778616,true
5.759260692380412,0.015367601635018607,5.143732816183173,1.2309140131840992,true
5.78693836380943,0.01582638992984217,5.123794789904818,1.2263142732072583,true
5.814615842063168,0.016296971403044595,5.103849822101257,1.2217457774057092,true
